message;severity;node;stamp;location
"Oh no! I hit the wall! (Clamping from [x=-0.031999, y=5.601176])";"30";"turtlesim3.sim";"1726607038.848694719";"/home/korol/ros2_ws/src/ros_tutorials/turtlesim/src/turtle.cpp:update:260"
"Oh no! I hit the wall! (Clamping from [x=-0.031999, y=5.600997])";"30";"turtlesim3.sim";"1726607038.832964876";"/home/korol/ros2_ws/src/ros_tutorials/turtlesim/src/turtle.cpp:update:260"
"Oh no! I hit the wall! (Clamping from [x=-0.031999, y=5.601176])";"30";"turtlesim2.sim";"1726607038.832421938";"/home/korol/ros2_ws/src/ros_tutorials/turtlesim/src/turtle.cpp:update:260"
"Oh no! I hit the wall! (Clamping from [x=-0.031999, y=5.601176])";"30";"turtlesim1.sim";"1726607038.823091801";"/home/korol/ros2_ws/src/ros_tutorials/turtlesim/src/turtle.cpp:update:260"
"Oh no! I hit the wall! (Clamping from [x=-0.031999, y=5.600818])";"30";"turtlesim3.sim";"1726607038.817346590";"/home/korol/ros2_ws/src/ros_tutorials/turtlesim/src/turtle.cpp:update:260"
"Oh no! I hit the wall! (Clamping from [x=-0.031999, y=5.600997])";"30";"turtlesim2.sim";"1726607038.816458264";"/home/korol/ros2_ws/src/ros_tutorials/turtlesim/src/turtle.cpp:update:260"
"Oh no! I hit the wall! (Clamping from [x=-0.031999, y=5.600997])";"30";"turtlesim1.sim";"1726607038.807358163";"/home/korol/ros2_ws/src/ros_tutorials/turtlesim/src/turtle.cpp:update:260"
"Oh no! I hit the wall! (Clamping from [x=-0.031999, y=5.600639])";"30";"turtlesim3.sim";"1726607038.800779607";"/home/korol/ros2_ws/src/ros_tutorials/turtlesim/src/turtle.cpp:update:260"
"Oh no! I hit the wall! (Clamping from [x=-0.031999, y=5.600818])";"30";"turtlesim2.sim";"1726607038.800558181";"/home/korol/ros2_ws/src/ros_tutorials/turtlesim/src/turtle.cpp:update:260"
"Oh no! I hit the wall! (Clamping from [x=-0.031999, y=5.600818])";"30";"turtlesim1.sim";"1726607038.790827170";"/home/korol/ros2_ws/src/ros_tutorials/turtlesim/src/turtle.cpp:update:260"
"Oh no! I hit the wall! (Clamping from [x=-0.031999, y=5.600460])";"30";"turtlesim3.sim";"1726607038.784982792";"/home/korol/ros2_ws/src/ros_tutorials/turtlesim/src/turtle.cpp:update:260"
"Oh no! I hit the wall! (Clamping from [x=-0.031999, y=5.600639])";"30";"turtlesim2.sim";"1726607038.784012210";"/home/korol/ros2_ws/src/ros_tutorials/turtlesim/src/turtle.cpp:update:260"
"Oh no! I hit the wall! (Clamping from [x=-0.031999, y=5.600639])";"30";"turtlesim1.sim";"1726607038.774826736";"/home/korol/ros2_ws/src/ros_tutorials/turtlesim/src/turtle.cpp:update:260"
"Oh no! I hit the wall! (Clamping from [x=-0.031999, y=5.600281])";"30";"turtlesim3.sim";"1726607038.768600957";"/home/korol/ros2_ws/src/ros_tutorials/turtlesim/src/turtle.cpp:update:260"
"Oh no! I hit the wall! (Clamping from [x=-0.031999, y=5.600460])";"30";"turtlesim2.sim";"1726607038.768461526";"/home/korol/ros2_ws/src/ros_tutorials/turtlesim/src/turtle.cpp:update:260"
"Oh no! I hit the wall! (Clamping from [x=-0.031999, y=5.600460])";"30";"turtlesim1.sim";"1726607038.758852316";"/home/korol/ros2_ws/src/ros_tutorials/turtlesim/src/turtle.cpp:update:260"
"Oh no! I hit the wall! (Clamping from [x=-0.031999, y=5.600102])";"30";"turtlesim3.sim";"1726607038.752857364";"/home/korol/ros2_ws/src/ros_tutorials/turtlesim/src/turtle.cpp:update:260"
"Oh no! I hit the wall! (Clamping from [x=-0.031999, y=5.600281])";"30";"turtlesim2.sim";"1726607038.752607065";"/home/korol/ros2_ws/src/ros_tutorials/turtlesim/src/turtle.cpp:update:260"
"Oh no! I hit the wall! (Clamping from [x=-0.031999, y=5.600281])";"30";"turtlesim1.sim";"1726607038.743410937";"/home/korol/ros2_ws/src/ros_tutorials/turtlesim/src/turtle.cpp:update:260"
"Oh no! I hit the wall! (Clamping from [x=-0.031999, y=5.599923])";"30";"turtlesim3.sim";"1726607038.737424548";"/home/korol/ros2_ws/src/ros_tutorials/turtlesim/src/turtle.cpp:update:260"
"Oh no! I hit the wall! (Clamping from [x=-0.031999, y=5.600102])";"30";"turtlesim2.sim";"1726607038.736487281";"/home/korol/ros2_ws/src/ros_tutorials/turtlesim/src/turtle.cpp:update:260"
"Oh no! I hit the wall! (Clamping from [x=-0.031999, y=5.600102])";"30";"turtlesim1.sim";"1726607038.726851861";"/home/korol/ros2_ws/src/ros_tutorials/turtlesim/src/turtle.cpp:update:260"
"Oh no! I hit the wall! (Clamping from [x=-0.031999, y=5.599744])";"30";"turtlesim3.sim";"1726607038.720870587";"/home/korol/ros2_ws/src/ros_tutorials/turtlesim/src/turtle.cpp:update:260"
"Oh no! I hit the wall! (Clamping from [x=-0.031999, y=5.599923])";"30";"turtlesim2.sim";"1726607038.719970585";"/home/korol/ros2_ws/src/ros_tutorials/turtlesim/src/turtle.cpp:update:260"
"Oh no! I hit the wall! (Clamping from [x=-0.031999, y=5.599923])";"30";"turtlesim1.sim";"1726607038.711269119";"/home/korol/ros2_ws/src/ros_tutorials/turtlesim/src/turtle.cpp:update:260"
"Oh no! I hit the wall! (Clamping from [x=-0.031999, y=5.599565])";"30";"turtlesim3.sim";"1726607038.704930015";"/home/korol/ros2_ws/src/ros_tutorials/turtlesim/src/turtle.cpp:update:260"
"Oh no! I hit the wall! (Clamping from [x=-0.031999, y=5.599744])";"30";"turtlesim2.sim";"1726607038.704658600";"/home/korol/ros2_ws/src/ros_tutorials/turtlesim/src/turtle.cpp:update:260"
"Oh no! I hit the wall! (Clamping from [x=-0.031999, y=5.599744])";"30";"turtlesim1.sim";"1726607038.694679962";"/home/korol/ros2_ws/src/ros_tutorials/turtlesim/src/turtle.cpp:update:260"
"Oh no! I hit the wall! (Clamping from [x=-0.031999, y=5.599387])";"30";"turtlesim3.sim";"1726607038.689251217";"/home/korol/ros2_ws/src/ros_tutorials/turtlesim/src/turtle.cpp:update:260"
"Oh no! I hit the wall! (Clamping from [x=-0.031999, y=5.599565])";"30";"turtlesim2.sim";"1726607038.688715542";"/home/korol/ros2_ws/src/ros_tutorials/turtlesim/src/turtle.cpp:update:260"
"Oh no! I hit the wall! (Clamping from [x=-0.031999, y=5.599565])";"30";"turtlesim1.sim";"1726607038.679031216";"/home/korol/ros2_ws/src/ros_tutorials/turtlesim/src/turtle.cpp:update:260"
"Oh no! I hit the wall! (Clamping from [x=-0.031999, y=5.599208])";"30";"turtlesim3.sim";"1726607038.673522848";"/home/korol/ros2_ws/src/ros_tutorials/turtlesim/src/turtle.cpp:update:260"
"Oh no! I hit the wall! (Clamping from [x=-0.031999, y=5.599387])";"30";"turtlesim2.sim";"1726607038.672848361";"/home/korol/ros2_ws/src/ros_tutorials/turtlesim/src/turtle.cpp:update:260"
"Oh no! I hit the wall! (Clamping from [x=-0.031999, y=5.599387])";"30";"turtlesim1.sim";"1726607038.662659439";"/home/korol/ros2_ws/src/ros_tutorials/turtlesim/src/turtle.cpp:update:260"
"Oh no! I hit the wall! (Clamping from [x=-0.031999, y=5.599029])";"30";"turtlesim3.sim";"1726607038.656948440";"/home/korol/ros2_ws/src/ros_tutorials/turtlesim/src/turtle.cpp:update:260"
"Oh no! I hit the wall! (Clamping from [x=-0.031999, y=5.599208])";"30";"turtlesim2.sim";"1726607038.655995562";"/home/korol/ros2_ws/src/ros_tutorials/turtlesim/src/turtle.cpp:update:260"
"Oh no! I hit the wall! (Clamping from [x=-0.031999, y=5.599208])";"30";"turtlesim1.sim";"1726607038.647169797";"/home/korol/ros2_ws/src/ros_tutorials/turtlesim/src/turtle.cpp:update:260"
"Oh no! I hit the wall! (Clamping from [x=-0.031999, y=5.598850])";"30";"turtlesim3.sim";"1726607038.641267222";"/home/korol/ros2_ws/src/ros_tutorials/turtlesim/src/turtle.cpp:update:260"
"Oh no! I hit the wall! (Clamping from [x=-0.031999, y=5.599029])";"30";"turtlesim2.sim";"1726607038.640214873";"/home/korol/ros2_ws/src/ros_tutorials/turtlesim/src/turtle.cpp:update:260"
"Oh no! I hit the wall! (Clamping from [x=-0.031999, y=5.599029])";"30";"turtlesim1.sim";"1726607038.630766858";"/home/korol/ros2_ws/src/ros_tutorials/turtlesim/src/turtle.cpp:update:260"
"Oh no! I hit the wall! (Clamping from [x=-0.031999, y=5.598671])";"30";"turtlesim3.sim";"1726607038.625082522";"/home/korol/ros2_ws/src/ros_tutorials/turtlesim/src/turtle.cpp:update:260"
"Oh no! I hit the wall! (Clamping from [x=-0.031999, y=5.598850])";"30";"turtlesim2.sim";"1726607038.624427259";"/home/korol/ros2_ws/src/ros_tutorials/turtlesim/src/turtle.cpp:update:260"
"Oh no! I hit the wall! (Clamping from [x=-0.031999, y=5.598850])";"30";"turtlesim1.sim";"1726607038.615359106";"/home/korol/ros2_ws/src/ros_tutorials/turtlesim/src/turtle.cpp:update:260"
"Oh no! I hit the wall! (Clamping from [x=-0.031999, y=5.598492])";"30";"turtlesim3.sim";"1726607038.609020190";"/home/korol/ros2_ws/src/ros_tutorials/turtlesim/src/turtle.cpp:update:260"
"Oh no! I hit the wall! (Clamping from [x=-0.031999, y=5.598671])";"30";"turtlesim2.sim";"1726607038.608291661";"/home/korol/ros2_ws/src/ros_tutorials/turtlesim/src/turtle.cpp:update:260"
"Oh no! I hit the wall! (Clamping from [x=-0.031999, y=5.598671])";"30";"turtlesim1.sim";"1726607038.598887224";"/home/korol/ros2_ws/src/ros_tutorials/turtlesim/src/turtle.cpp:update:260"
"Oh no! I hit the wall! (Clamping from [x=-0.031999, y=5.598313])";"30";"turtlesim3.sim";"1726607038.593217917";"/home/korol/ros2_ws/src/ros_tutorials/turtlesim/src/turtle.cpp:update:260"
"Oh no! I hit the wall! (Clamping from [x=-0.031999, y=5.598492])";"30";"turtlesim2.sim";"1726607038.592335756";"/home/korol/ros2_ws/src/ros_tutorials/turtlesim/src/turtle.cpp:update:260"
"Oh no! I hit the wall! (Clamping from [x=-0.031999, y=5.598492])";"30";"turtlesim1.sim";"1726607038.583412604";"/home/korol/ros2_ws/src/ros_tutorials/turtlesim/src/turtle.cpp:update:260"
"Oh no! I hit the wall! (Clamping from [x=-0.031999, y=5.598134])";"30";"turtlesim3.sim";"1726607038.577514042";"/home/korol/ros2_ws/src/ros_tutorials/turtlesim/src/turtle.cpp:update:260"
"Oh no! I hit the wall! (Clamping from [x=-0.031999, y=5.598313])";"30";"turtlesim2.sim";"1726607038.576584491";"/home/korol/ros2_ws/src/ros_tutorials/turtlesim/src/turtle.cpp:update:260"
"Oh no! I hit the wall! (Clamping from [x=-0.031999, y=5.598313])";"30";"turtlesim1.sim";"1726607038.566920280";"/home/korol/ros2_ws/src/ros_tutorials/turtlesim/src/turtle.cpp:update:260"
"Oh no! I hit the wall! (Clamping from [x=-0.031999, y=5.597955])";"30";"turtlesim3.sim";"1726607038.561031776";"/home/korol/ros2_ws/src/ros_tutorials/turtlesim/src/turtle.cpp:update:260"
"Oh no! I hit the wall! (Clamping from [x=-0.031999, y=5.598134])";"30";"turtlesim2.sim";"1726607038.560763282";"/home/korol/ros2_ws/src/ros_tutorials/turtlesim/src/turtle.cpp:update:260"
"Oh no! I hit the wall! (Clamping from [x=-0.031999, y=5.598134])";"30";"turtlesim1.sim";"1726607038.551489388";"/home/korol/ros2_ws/src/ros_tutorials/turtlesim/src/turtle.cpp:update:260"
"Oh no! I hit the wall! (Clamping from [x=-0.031999, y=5.597776])";"30";"turtlesim3.sim";"1726607038.545454583";"/home/korol/ros2_ws/src/ros_tutorials/turtlesim/src/turtle.cpp:update:260"
"Oh no! I hit the wall! (Clamping from [x=-0.031999, y=5.597955])";"30";"turtlesim2.sim";"1726607038.544218748";"/home/korol/ros2_ws/src/ros_tutorials/turtlesim/src/turtle.cpp:update:260"
"Oh no! I hit the wall! (Clamping from [x=-0.031999, y=5.597955])";"30";"turtlesim1.sim";"1726607038.534924763";"/home/korol/ros2_ws/src/ros_tutorials/turtlesim/src/turtle.cpp:update:260"
"Oh no! I hit the wall! (Clamping from [x=-0.031999, y=5.597597])";"30";"turtlesim3.sim";"1726607038.528622672";"/home/korol/ros2_ws/src/ros_tutorials/turtlesim/src/turtle.cpp:update:260"
"Oh no! I hit the wall! (Clamping from [x=-0.031999, y=5.597776])";"30";"turtlesim2.sim";"1726607038.528555886";"/home/korol/ros2_ws/src/ros_tutorials/turtlesim/src/turtle.cpp:update:260"
"Oh no! I hit the wall! (Clamping from [x=-0.031999, y=5.597776])";"30";"turtlesim1.sim";"1726607038.519396300";"/home/korol/ros2_ws/src/ros_tutorials/turtlesim/src/turtle.cpp:update:260"
"Oh no! I hit the wall! (Clamping from [x=-0.031999, y=5.597418])";"30";"turtlesim3.sim";"1726607038.512971021";"/home/korol/ros2_ws/src/ros_tutorials/turtlesim/src/turtle.cpp:update:260"
"Oh no! I hit the wall! (Clamping from [x=-0.031999, y=5.597597])";"30";"turtlesim2.sim";"1726607038.512680115";"/home/korol/ros2_ws/src/ros_tutorials/turtlesim/src/turtle.cpp:update:260"
"Oh no! I hit the wall! (Clamping from [x=-0.031999, y=5.597597])";"30";"turtlesim1.sim";"1726607038.502914170";"/home/korol/ros2_ws/src/ros_tutorials/turtlesim/src/turtle.cpp:update:260"
"Oh no! I hit the wall! (Clamping from [x=-0.031999, y=5.597239])";"30";"turtlesim3.sim";"1726607038.497503699";"/home/korol/ros2_ws/src/ros_tutorials/turtlesim/src/turtle.cpp:update:260"
"Oh no! I hit the wall! (Clamping from [x=-0.031999, y=5.597418])";"30";"turtlesim2.sim";"1726607038.495932586";"/home/korol/ros2_ws/src/ros_tutorials/turtlesim/src/turtle.cpp:update:260"
"Oh no! I hit the wall! (Clamping from [x=-0.031999, y=5.597418])";"30";"turtlesim1.sim";"1726607038.486825993";"/home/korol/ros2_ws/src/ros_tutorials/turtlesim/src/turtle.cpp:update:260"
"Oh no! I hit the wall! (Clamping from [x=-0.031999, y=5.597060])";"30";"turtlesim3.sim";"1726607038.481110710";"/home/korol/ros2_ws/src/ros_tutorials/turtlesim/src/turtle.cpp:update:260"
"Oh no! I hit the wall! (Clamping from [x=-0.031999, y=5.597239])";"30";"turtlesim2.sim";"1726607038.480261743";"/home/korol/ros2_ws/src/ros_tutorials/turtlesim/src/turtle.cpp:update:260"
"Oh no! I hit the wall! (Clamping from [x=-0.031999, y=5.597239])";"30";"turtlesim1.sim";"1726607038.471331355";"/home/korol/ros2_ws/src/ros_tutorials/turtlesim/src/turtle.cpp:update:260"
"Oh no! I hit the wall! (Clamping from [x=-0.031999, y=5.596881])";"30";"turtlesim3.sim";"1726607038.464691983";"/home/korol/ros2_ws/src/ros_tutorials/turtlesim/src/turtle.cpp:update:260"
"Oh no! I hit the wall! (Clamping from [x=-0.031999, y=5.597060])";"30";"turtlesim2.sim";"1726607038.464433655";"/home/korol/ros2_ws/src/ros_tutorials/turtlesim/src/turtle.cpp:update:260"
"Oh no! I hit the wall! (Clamping from [x=-0.031999, y=5.597060])";"30";"turtlesim1.sim";"1726607038.455050795";"/home/korol/ros2_ws/src/ros_tutorials/turtlesim/src/turtle.cpp:update:260"
"Oh no! I hit the wall! (Clamping from [x=-0.031999, y=5.596702])";"30";"turtlesim3.sim";"1726607038.448967714";"/home/korol/ros2_ws/src/ros_tutorials/turtlesim/src/turtle.cpp:update:260"
"Oh no! I hit the wall! (Clamping from [x=-0.031999, y=5.596881])";"30";"turtlesim2.sim";"1726607038.448921422";"/home/korol/ros2_ws/src/ros_tutorials/turtlesim/src/turtle.cpp:update:260"
"Oh no! I hit the wall! (Clamping from [x=-0.031999, y=5.596881])";"30";"turtlesim1.sim";"1726607038.439417591";"/home/korol/ros2_ws/src/ros_tutorials/turtlesim/src/turtle.cpp:update:260"
"Oh no! I hit the wall! (Clamping from [x=-0.031999, y=5.596523])";"30";"turtlesim3.sim";"1726607038.433413927";"/home/korol/ros2_ws/src/ros_tutorials/turtlesim/src/turtle.cpp:update:260"
"Oh no! I hit the wall! (Clamping from [x=-0.031999, y=5.596702])";"30";"turtlesim2.sim";"1726607038.432396058";"/home/korol/ros2_ws/src/ros_tutorials/turtlesim/src/turtle.cpp:update:260"
"Oh no! I hit the wall! (Clamping from [x=-0.031999, y=5.596702])";"30";"turtlesim1.sim";"1726607038.422625629";"/home/korol/ros2_ws/src/ros_tutorials/turtlesim/src/turtle.cpp:update:260"
"Oh no! I hit the wall! (Clamping from [x=-0.031999, y=5.596344])";"30";"turtlesim3.sim";"1726607038.416744567";"/home/korol/ros2_ws/src/ros_tutorials/turtlesim/src/turtle.cpp:update:260"
"Oh no! I hit the wall! (Clamping from [x=-0.031999, y=5.596523])";"30";"turtlesim2.sim";"1726607038.416699347";"/home/korol/ros2_ws/src/ros_tutorials/turtlesim/src/turtle.cpp:update:260"
"Oh no! I hit the wall! (Clamping from [x=-0.031999, y=5.596523])";"30";"turtlesim1.sim";"1726607038.406764962";"/home/korol/ros2_ws/src/ros_tutorials/turtlesim/src/turtle.cpp:update:260"
"Oh no! I hit the wall! (Clamping from [x=-0.031999, y=5.596165])";"30";"turtlesim3.sim";"1726607038.401295794";"/home/korol/ros2_ws/src/ros_tutorials/turtlesim/src/turtle.cpp:update:260"
"Oh no! I hit the wall! (Clamping from [x=-0.031999, y=5.596344])";"30";"turtlesim2.sim";"1726607038.400865840";"/home/korol/ros2_ws/src/ros_tutorials/turtlesim/src/turtle.cpp:update:260"
"Oh no! I hit the wall! (Clamping from [x=-0.031999, y=5.596344])";"30";"turtlesim1.sim";"1726607038.390976479";"/home/korol/ros2_ws/src/ros_tutorials/turtlesim/src/turtle.cpp:update:260"
"Oh no! I hit the wall! (Clamping from [x=-0.031999, y=5.595986])";"30";"turtlesim3.sim";"1726607038.385721279";"/home/korol/ros2_ws/src/ros_tutorials/turtlesim/src/turtle.cpp:update:260"
"Oh no! I hit the wall! (Clamping from [x=-0.031999, y=5.596165])";"30";"turtlesim2.sim";"1726607038.384873931";"/home/korol/ros2_ws/src/ros_tutorials/turtlesim/src/turtle.cpp:update:260"
"Oh no! I hit the wall! (Clamping from [x=-0.031999, y=5.596165])";"30";"turtlesim1.sim";"1726607038.375255597";"/home/korol/ros2_ws/src/ros_tutorials/turtlesim/src/turtle.cpp:update:260"
"Oh no! I hit the wall! (Clamping from [x=-0.031999, y=5.595807])";"30";"turtlesim3.sim";"1726607038.369011249";"/home/korol/ros2_ws/src/ros_tutorials/turtlesim/src/turtle.cpp:update:260"
"Oh no! I hit the wall! (Clamping from [x=-0.031999, y=5.595986])";"30";"turtlesim2.sim";"1726607038.368125378";"/home/korol/ros2_ws/src/ros_tutorials/turtlesim/src/turtle.cpp:update:260"
"Oh no! I hit the wall! (Clamping from [x=-0.031999, y=5.595986])";"30";"turtlesim1.sim";"1726607038.359512503";"/home/korol/ros2_ws/src/ros_tutorials/turtlesim/src/turtle.cpp:update:260"
"Oh no! I hit the wall! (Clamping from [x=-0.031999, y=5.595628])";"30";"turtlesim3.sim";"1726607038.353291514";"/home/korol/ros2_ws/src/ros_tutorials/turtlesim/src/turtle.cpp:update:260"
"Oh no! I hit the wall! (Clamping from [x=-0.031999, y=5.595807])";"30";"turtlesim2.sim";"1726607038.352382592";"/home/korol/ros2_ws/src/ros_tutorials/turtlesim/src/turtle.cpp:update:260"
"Oh no! I hit the wall! (Clamping from [x=-0.031999, y=5.595807])";"30";"turtlesim1.sim";"1726607038.342811333";"/home/korol/ros2_ws/src/ros_tutorials/turtlesim/src/turtle.cpp:update:260"
"Oh no! I hit the wall! (Clamping from [x=-0.031999, y=5.595449])";"30";"turtlesim3.sim";"1726607038.337511027";"/home/korol/ros2_ws/src/ros_tutorials/turtlesim/src/turtle.cpp:update:260"
"Oh no! I hit the wall! (Clamping from [x=-0.031999, y=5.595628])";"30";"turtlesim2.sim";"1726607038.336788881";"/home/korol/ros2_ws/src/ros_tutorials/turtlesim/src/turtle.cpp:update:260"
"Oh no! I hit the wall! (Clamping from [x=-0.031999, y=5.595628])";"30";"turtlesim1.sim";"1726607038.327072725";"/home/korol/ros2_ws/src/ros_tutorials/turtlesim/src/turtle.cpp:update:260"
"Oh no! I hit the wall! (Clamping from [x=-0.031999, y=5.595270])";"30";"turtlesim3.sim";"1726607038.321009315";"/home/korol/ros2_ws/src/ros_tutorials/turtlesim/src/turtle.cpp:update:260"
"Oh no! I hit the wall! (Clamping from [x=-0.031999, y=5.595449])";"30";"turtlesim2.sim";"1726607038.320245303";"/home/korol/ros2_ws/src/ros_tutorials/turtlesim/src/turtle.cpp:update:260"
"Oh no! I hit the wall! (Clamping from [x=-0.031999, y=5.595449])";"30";"turtlesim1.sim";"1726607038.311569777";"/home/korol/ros2_ws/src/ros_tutorials/turtlesim/src/turtle.cpp:update:260"
"Oh no! I hit the wall! (Clamping from [x=-0.031999, y=5.595091])";"30";"turtlesim3.sim";"1726607038.304573471";"/home/korol/ros2_ws/src/ros_tutorials/turtlesim/src/turtle.cpp:update:260"
"Oh no! I hit the wall! (Clamping from [x=-0.031999, y=5.595270])";"30";"turtlesim2.sim";"1726607038.304545481";"/home/korol/ros2_ws/src/ros_tutorials/turtlesim/src/turtle.cpp:update:260"
"Oh no! I hit the wall! (Clamping from [x=-0.031999, y=5.595270])";"30";"turtlesim1.sim";"1726607038.294962982";"/home/korol/ros2_ws/src/ros_tutorials/turtlesim/src/turtle.cpp:update:260"
"Oh no! I hit the wall! (Clamping from [x=-0.031999, y=5.594912])";"30";"turtlesim3.sim";"1726607038.289015228";"/home/korol/ros2_ws/src/ros_tutorials/turtlesim/src/turtle.cpp:update:260"
"Oh no! I hit the wall! (Clamping from [x=-0.031999, y=5.595091])";"30";"turtlesim2.sim";"1726607038.288608673";"/home/korol/ros2_ws/src/ros_tutorials/turtlesim/src/turtle.cpp:update:260"
"Oh no! I hit the wall! (Clamping from [x=-0.031999, y=5.595091])";"30";"turtlesim1.sim";"1726607038.279148235";"/home/korol/ros2_ws/src/ros_tutorials/turtlesim/src/turtle.cpp:update:260"
"Oh no! I hit the wall! (Clamping from [x=-0.031999, y=5.594733])";"30";"turtlesim3.sim";"1726607038.272810090";"/home/korol/ros2_ws/src/ros_tutorials/turtlesim/src/turtle.cpp:update:260"
"Oh no! I hit the wall! (Clamping from [x=-0.031999, y=5.594912])";"30";"turtlesim2.sim";"1726607038.272315403";"/home/korol/ros2_ws/src/ros_tutorials/turtlesim/src/turtle.cpp:update:260"
"Oh no! I hit the wall! (Clamping from [x=-0.031999, y=5.594912])";"30";"turtlesim1.sim";"1726607038.263270718";"/home/korol/ros2_ws/src/ros_tutorials/turtlesim/src/turtle.cpp:update:260"
"Oh no! I hit the wall! (Clamping from [x=-0.031999, y=5.594554])";"30";"turtlesim3.sim";"1726607038.257431406";"/home/korol/ros2_ws/src/ros_tutorials/turtlesim/src/turtle.cpp:update:260"
"Oh no! I hit the wall! (Clamping from [x=-0.031999, y=5.594733])";"30";"turtlesim2.sim";"1726607038.256227253";"/home/korol/ros2_ws/src/ros_tutorials/turtlesim/src/turtle.cpp:update:260"
"Oh no! I hit the wall! (Clamping from [x=-0.031999, y=5.594733])";"30";"turtlesim1.sim";"1726607038.247421125";"/home/korol/ros2_ws/src/ros_tutorials/turtlesim/src/turtle.cpp:update:260"
"Oh no! I hit the wall! (Clamping from [x=-0.031999, y=5.594376])";"30";"turtlesim3.sim";"1726607038.241478549";"/home/korol/ros2_ws/src/ros_tutorials/turtlesim/src/turtle.cpp:update:260"
"Oh no! I hit the wall! (Clamping from [x=-0.031999, y=5.594554])";"30";"turtlesim2.sim";"1726607038.240133456";"/home/korol/ros2_ws/src/ros_tutorials/turtlesim/src/turtle.cpp:update:260"
"Oh no! I hit the wall! (Clamping from [x=-0.031999, y=5.594554])";"30";"turtlesim1.sim";"1726607038.231148463";"/home/korol/ros2_ws/src/ros_tutorials/turtlesim/src/turtle.cpp:update:260"
"Oh no! I hit the wall! (Clamping from [x=-0.031999, y=5.594197])";"30";"turtlesim3.sim";"1726607038.225379986";"/home/korol/ros2_ws/src/ros_tutorials/turtlesim/src/turtle.cpp:update:260"
"Oh no! I hit the wall! (Clamping from [x=-0.031999, y=5.594376])";"30";"turtlesim2.sim";"1726607038.223978595";"/home/korol/ros2_ws/src/ros_tutorials/turtlesim/src/turtle.cpp:update:260"
"Oh no! I hit the wall! (Clamping from [x=-0.031999, y=5.594376])";"30";"turtlesim1.sim";"1726607038.215163352";"/home/korol/ros2_ws/src/ros_tutorials/turtlesim/src/turtle.cpp:update:260"
"Oh no! I hit the wall! (Clamping from [x=-0.031999, y=5.594018])";"30";"turtlesim3.sim";"1726607038.208967316";"/home/korol/ros2_ws/src/ros_tutorials/turtlesim/src/turtle.cpp:update:260"
"Oh no! I hit the wall! (Clamping from [x=-0.031999, y=5.594197])";"30";"turtlesim2.sim";"1726607038.208392942";"/home/korol/ros2_ws/src/ros_tutorials/turtlesim/src/turtle.cpp:update:260"
"Oh no! I hit the wall! (Clamping from [x=-0.031999, y=5.594197])";"30";"turtlesim1.sim";"1726607038.199122925";"/home/korol/ros2_ws/src/ros_tutorials/turtlesim/src/turtle.cpp:update:260"
"Oh no! I hit the wall! (Clamping from [x=-0.031999, y=5.593839])";"30";"turtlesim3.sim";"1726607038.192770214";"/home/korol/ros2_ws/src/ros_tutorials/turtlesim/src/turtle.cpp:update:260"
"Oh no! I hit the wall! (Clamping from [x=-0.031999, y=5.594018])";"30";"turtlesim2.sim";"1726607038.192023138";"/home/korol/ros2_ws/src/ros_tutorials/turtlesim/src/turtle.cpp:update:260"
"Oh no! I hit the wall! (Clamping from [x=-0.031999, y=5.594018])";"30";"turtlesim1.sim";"1726607038.183056774";"/home/korol/ros2_ws/src/ros_tutorials/turtlesim/src/turtle.cpp:update:260"
"Oh no! I hit the wall! (Clamping from [x=-0.031999, y=5.593660])";"30";"turtlesim3.sim";"1726607038.177279749";"/home/korol/ros2_ws/src/ros_tutorials/turtlesim/src/turtle.cpp:update:260"
"Oh no! I hit the wall! (Clamping from [x=-0.031999, y=5.593839])";"30";"turtlesim2.sim";"1726607038.176544769";"/home/korol/ros2_ws/src/ros_tutorials/turtlesim/src/turtle.cpp:update:260"
"Oh no! I hit the wall! (Clamping from [x=-0.031999, y=5.593839])";"30";"turtlesim1.sim";"1726607038.167363223";"/home/korol/ros2_ws/src/ros_tutorials/turtlesim/src/turtle.cpp:update:260"
"Oh no! I hit the wall! (Clamping from [x=-0.031999, y=5.593481])";"30";"turtlesim3.sim";"1726607038.161490579";"/home/korol/ros2_ws/src/ros_tutorials/turtlesim/src/turtle.cpp:update:260"
"Oh no! I hit the wall! (Clamping from [x=-0.031999, y=5.593660])";"30";"turtlesim2.sim";"1726607038.160735289";"/home/korol/ros2_ws/src/ros_tutorials/turtlesim/src/turtle.cpp:update:260"
"Oh no! I hit the wall! (Clamping from [x=-0.031999, y=5.593660])";"30";"turtlesim1.sim";"1726607038.151579397";"/home/korol/ros2_ws/src/ros_tutorials/turtlesim/src/turtle.cpp:update:260"
"Oh no! I hit the wall! (Clamping from [x=-0.031999, y=5.593302])";"30";"turtlesim3.sim";"1726607038.144732884";"/home/korol/ros2_ws/src/ros_tutorials/turtlesim/src/turtle.cpp:update:260"
"Oh no! I hit the wall! (Clamping from [x=-0.031999, y=5.593481])";"30";"turtlesim2.sim";"1726607038.144601008";"/home/korol/ros2_ws/src/ros_tutorials/turtlesim/src/turtle.cpp:update:260"
"Oh no! I hit the wall! (Clamping from [x=-0.031999, y=5.593481])";"30";"turtlesim1.sim";"1726607038.135599723";"/home/korol/ros2_ws/src/ros_tutorials/turtlesim/src/turtle.cpp:update:260"
"Oh no! I hit the wall! (Clamping from [x=-0.031999, y=5.593123])";"30";"turtlesim3.sim";"1726607038.129061541";"/home/korol/ros2_ws/src/ros_tutorials/turtlesim/src/turtle.cpp:update:260"
"Oh no! I hit the wall! (Clamping from [x=-0.031999, y=5.593302])";"30";"turtlesim2.sim";"1726607038.128648107";"/home/korol/ros2_ws/src/ros_tutorials/turtlesim/src/turtle.cpp:update:260"
"Oh no! I hit the wall! (Clamping from [x=-0.031999, y=5.593302])";"30";"turtlesim1.sim";"1726607038.118864569";"/home/korol/ros2_ws/src/ros_tutorials/turtlesim/src/turtle.cpp:update:260"
"Oh no! I hit the wall! (Clamping from [x=-0.031999, y=5.592944])";"30";"turtlesim3.sim";"1726607038.113374370";"/home/korol/ros2_ws/src/ros_tutorials/turtlesim/src/turtle.cpp:update:260"
"Oh no! I hit the wall! (Clamping from [x=-0.031999, y=5.593123])";"30";"turtlesim2.sim";"1726607038.112746232";"/home/korol/ros2_ws/src/ros_tutorials/turtlesim/src/turtle.cpp:update:260"
"Oh no! I hit the wall! (Clamping from [x=-0.031999, y=5.593123])";"30";"turtlesim1.sim";"1726607038.103252524";"/home/korol/ros2_ws/src/ros_tutorials/turtlesim/src/turtle.cpp:update:260"
"Oh no! I hit the wall! (Clamping from [x=-0.031999, y=5.592765])";"30";"turtlesim3.sim";"1726607038.097040676";"/home/korol/ros2_ws/src/ros_tutorials/turtlesim/src/turtle.cpp:update:260"
"Oh no! I hit the wall! (Clamping from [x=-0.031999, y=5.592944])";"30";"turtlesim2.sim";"1726607038.096805810";"/home/korol/ros2_ws/src/ros_tutorials/turtlesim/src/turtle.cpp:update:260"
"Oh no! I hit the wall! (Clamping from [x=-0.031999, y=5.592944])";"30";"turtlesim1.sim";"1726607038.086691615";"/home/korol/ros2_ws/src/ros_tutorials/turtlesim/src/turtle.cpp:update:260"
"Oh no! I hit the wall! (Clamping from [x=-0.031999, y=5.592586])";"30";"turtlesim3.sim";"1726607038.081126908";"/home/korol/ros2_ws/src/ros_tutorials/turtlesim/src/turtle.cpp:update:260"
"Oh no! I hit the wall! (Clamping from [x=-0.031999, y=5.592765])";"30";"turtlesim2.sim";"1726607038.080075919";"/home/korol/ros2_ws/src/ros_tutorials/turtlesim/src/turtle.cpp:update:260"
"Oh no! I hit the wall! (Clamping from [x=-0.031999, y=5.592765])";"30";"turtlesim1.sim";"1726607038.070767041";"/home/korol/ros2_ws/src/ros_tutorials/turtlesim/src/turtle.cpp:update:260"
"Oh no! I hit the wall! (Clamping from [x=-0.031999, y=5.592407])";"30";"turtlesim3.sim";"1726607038.065359663";"/home/korol/ros2_ws/src/ros_tutorials/turtlesim/src/turtle.cpp:update:260"
"Oh no! I hit the wall! (Clamping from [x=-0.031999, y=5.592586])";"30";"turtlesim2.sim";"1726607038.064321916";"/home/korol/ros2_ws/src/ros_tutorials/turtlesim/src/turtle.cpp:update:260"
"Oh no! I hit the wall! (Clamping from [x=-0.031999, y=5.592586])";"30";"turtlesim1.sim";"1726607038.054890188";"/home/korol/ros2_ws/src/ros_tutorials/turtlesim/src/turtle.cpp:update:260"
"Oh no! I hit the wall! (Clamping from [x=-0.031999, y=5.592228])";"30";"turtlesim3.sim";"1726607038.048692974";"/home/korol/ros2_ws/src/ros_tutorials/turtlesim/src/turtle.cpp:update:260"
"Oh no! I hit the wall! (Clamping from [x=-0.031999, y=5.592407])";"30";"turtlesim2.sim";"1726607038.048540839";"/home/korol/ros2_ws/src/ros_tutorials/turtlesim/src/turtle.cpp:update:260"
"Oh no! I hit the wall! (Clamping from [x=-0.031999, y=5.592407])";"30";"turtlesim1.sim";"1726607038.038927755";"/home/korol/ros2_ws/src/ros_tutorials/turtlesim/src/turtle.cpp:update:260"
"Oh no! I hit the wall! (Clamping from [x=-0.031999, y=5.592049])";"30";"turtlesim3.sim";"1726607038.032747416";"/home/korol/ros2_ws/src/ros_tutorials/turtlesim/src/turtle.cpp:update:260"
"Oh no! I hit the wall! (Clamping from [x=-0.031999, y=5.592228])";"30";"turtlesim2.sim";"1726607038.032747498";"/home/korol/ros2_ws/src/ros_tutorials/turtlesim/src/turtle.cpp:update:260"
"Oh no! I hit the wall! (Clamping from [x=-0.031999, y=5.592228])";"30";"turtlesim1.sim";"1726607038.023276961";"/home/korol/ros2_ws/src/ros_tutorials/turtlesim/src/turtle.cpp:update:260"
"Oh no! I hit the wall! (Clamping from [x=-0.031999, y=5.591870])";"30";"turtlesim3.sim";"1726607038.017020368";"/home/korol/ros2_ws/src/ros_tutorials/turtlesim/src/turtle.cpp:update:260"
"Oh no! I hit the wall! (Clamping from [x=-0.031999, y=5.592049])";"30";"turtlesim2.sim";"1726607038.016698230";"/home/korol/ros2_ws/src/ros_tutorials/turtlesim/src/turtle.cpp:update:260"
"Oh no! I hit the wall! (Clamping from [x=-0.031999, y=5.592049])";"30";"turtlesim1.sim";"1726607038.007429850";"/home/korol/ros2_ws/src/ros_tutorials/turtlesim/src/turtle.cpp:update:260"
"Oh no! I hit the wall! (Clamping from [x=-0.031999, y=5.591691])";"30";"turtlesim3.sim";"1726607038.001234782";"/home/korol/ros2_ws/src/ros_tutorials/turtlesim/src/turtle.cpp:update:260"
"Oh no! I hit the wall! (Clamping from [x=-0.031999, y=5.591870])";"30";"turtlesim2.sim";"1726607038.000792354";"/home/korol/ros2_ws/src/ros_tutorials/turtlesim/src/turtle.cpp:update:260"
"Oh no! I hit the wall! (Clamping from [x=-0.031999, y=5.591870])";"30";"turtlesim1.sim";"1726607037.991423122";"/home/korol/ros2_ws/src/ros_tutorials/turtlesim/src/turtle.cpp:update:260"
"Oh no! I hit the wall! (Clamping from [x=-0.031999, y=5.591512])";"30";"turtlesim3.sim";"1726607037.985512916";"/home/korol/ros2_ws/src/ros_tutorials/turtlesim/src/turtle.cpp:update:260"
"Oh no! I hit the wall! (Clamping from [x=-0.031999, y=5.591691])";"30";"turtlesim2.sim";"1726607037.984045313";"/home/korol/ros2_ws/src/ros_tutorials/turtlesim/src/turtle.cpp:update:260"
"Oh no! I hit the wall! (Clamping from [x=-0.031999, y=5.591691])";"30";"turtlesim1.sim";"1726607037.975439718";"/home/korol/ros2_ws/src/ros_tutorials/turtlesim/src/turtle.cpp:update:260"
"Oh no! I hit the wall! (Clamping from [x=-0.031999, y=5.591333])";"30";"turtlesim3.sim";"1726607037.969456785";"/home/korol/ros2_ws/src/ros_tutorials/turtlesim/src/turtle.cpp:update:260"
"Oh no! I hit the wall! (Clamping from [x=-0.031999, y=5.591512])";"30";"turtlesim2.sim";"1726607037.968457474";"/home/korol/ros2_ws/src/ros_tutorials/turtlesim/src/turtle.cpp:update:260"
"Oh no! I hit the wall! (Clamping from [x=-0.031999, y=5.591512])";"30";"turtlesim1.sim";"1726607037.959136299";"/home/korol/ros2_ws/src/ros_tutorials/turtlesim/src/turtle.cpp:update:260"
"Oh no! I hit the wall! (Clamping from [x=-0.031999, y=5.591154])";"30";"turtlesim3.sim";"1726607037.952730069";"/home/korol/ros2_ws/src/ros_tutorials/turtlesim/src/turtle.cpp:update:260"
"Oh no! I hit the wall! (Clamping from [x=-0.031999, y=5.591333])";"30";"turtlesim2.sim";"1726607037.952614477";"/home/korol/ros2_ws/src/ros_tutorials/turtlesim/src/turtle.cpp:update:260"
"Oh no! I hit the wall! (Clamping from [x=-0.031999, y=5.591333])";"30";"turtlesim1.sim";"1726607037.943144392";"/home/korol/ros2_ws/src/ros_tutorials/turtlesim/src/turtle.cpp:update:260"
"Oh no! I hit the wall! (Clamping from [x=-0.031999, y=5.590975])";"30";"turtlesim3.sim";"1726607037.937065440";"/home/korol/ros2_ws/src/ros_tutorials/turtlesim/src/turtle.cpp:update:260"
"Oh no! I hit the wall! (Clamping from [x=-0.031999, y=5.591154])";"30";"turtlesim2.sim";"1726607037.936747934";"/home/korol/ros2_ws/src/ros_tutorials/turtlesim/src/turtle.cpp:update:260"
"Oh no! I hit the wall! (Clamping from [x=-0.031999, y=5.591154])";"30";"turtlesim1.sim";"1726607037.927496939";"/home/korol/ros2_ws/src/ros_tutorials/turtlesim/src/turtle.cpp:update:260"
"Oh no! I hit the wall! (Clamping from [x=-0.031999, y=5.590796])";"30";"turtlesim3.sim";"1726607037.920863644";"/home/korol/ros2_ws/src/ros_tutorials/turtlesim/src/turtle.cpp:update:260"
"Oh no! I hit the wall! (Clamping from [x=-0.031999, y=5.590975])";"30";"turtlesim2.sim";"1726607037.920137804";"/home/korol/ros2_ws/src/ros_tutorials/turtlesim/src/turtle.cpp:update:260"
"Oh no! I hit the wall! (Clamping from [x=-0.031999, y=5.590975])";"30";"turtlesim1.sim";"1726607037.910759278";"/home/korol/ros2_ws/src/ros_tutorials/turtlesim/src/turtle.cpp:update:260"
"Oh no! I hit the wall! (Clamping from [x=-0.031999, y=5.590617])";"30";"turtlesim3.sim";"1726607037.905305487";"/home/korol/ros2_ws/src/ros_tutorials/turtlesim/src/turtle.cpp:update:260"
"Oh no! I hit the wall! (Clamping from [x=-0.031999, y=5.590796])";"30";"turtlesim2.sim";"1726607037.904283532";"/home/korol/ros2_ws/src/ros_tutorials/turtlesim/src/turtle.cpp:update:260"
"Oh no! I hit the wall! (Clamping from [x=-0.031999, y=5.590796])";"30";"turtlesim1.sim";"1726607037.895010400";"/home/korol/ros2_ws/src/ros_tutorials/turtlesim/src/turtle.cpp:update:260"
"Oh no! I hit the wall! (Clamping from [x=-0.031999, y=5.590438])";"30";"turtlesim3.sim";"1726607037.888937039";"/home/korol/ros2_ws/src/ros_tutorials/turtlesim/src/turtle.cpp:update:260"
"Oh no! I hit the wall! (Clamping from [x=-0.031999, y=5.590617])";"30";"turtlesim2.sim";"1726607037.888565716";"/home/korol/ros2_ws/src/ros_tutorials/turtlesim/src/turtle.cpp:update:260"
"Oh no! I hit the wall! (Clamping from [x=-0.031999, y=5.590617])";"30";"turtlesim1.sim";"1726607037.879367511";"/home/korol/ros2_ws/src/ros_tutorials/turtlesim/src/turtle.cpp:update:260"
"Oh no! I hit the wall! (Clamping from [x=-0.031999, y=5.590259])";"30";"turtlesim3.sim";"1726607037.872959471";"/home/korol/ros2_ws/src/ros_tutorials/turtlesim/src/turtle.cpp:update:260"
"Oh no! I hit the wall! (Clamping from [x=-0.031999, y=5.590438])";"30";"turtlesim2.sim";"1726607037.872576192";"/home/korol/ros2_ws/src/ros_tutorials/turtlesim/src/turtle.cpp:update:260"
"Oh no! I hit the wall! (Clamping from [x=-0.031999, y=5.590438])";"30";"turtlesim1.sim";"1726607037.863459401";"/home/korol/ros2_ws/src/ros_tutorials/turtlesim/src/turtle.cpp:update:260"
"Oh no! I hit the wall! (Clamping from [x=-0.031999, y=5.590080])";"30";"turtlesim3.sim";"1726607037.857271222";"/home/korol/ros2_ws/src/ros_tutorials/turtlesim/src/turtle.cpp:update:260"
"Oh no! I hit the wall! (Clamping from [x=-0.031999, y=5.590259])";"30";"turtlesim2.sim";"1726607037.856429649";"/home/korol/ros2_ws/src/ros_tutorials/turtlesim/src/turtle.cpp:update:260"
"Oh no! I hit the wall! (Clamping from [x=-0.031999, y=5.590259])";"30";"turtlesim1.sim";"1726607037.846795105";"/home/korol/ros2_ws/src/ros_tutorials/turtlesim/src/turtle.cpp:update:260"
"Oh no! I hit the wall! (Clamping from [x=-0.031999, y=5.589901])";"30";"turtlesim3.sim";"1726607037.841259875";"/home/korol/ros2_ws/src/ros_tutorials/turtlesim/src/turtle.cpp:update:260"
"Oh no! I hit the wall! (Clamping from [x=-0.031999, y=5.590080])";"30";"turtlesim2.sim";"1726607037.840466414";"/home/korol/ros2_ws/src/ros_tutorials/turtlesim/src/turtle.cpp:update:260"
"Oh no! I hit the wall! (Clamping from [x=-0.031999, y=5.590080])";"30";"turtlesim1.sim";"1726607037.831110906";"/home/korol/ros2_ws/src/ros_tutorials/turtlesim/src/turtle.cpp:update:260"
"Oh no! I hit the wall! (Clamping from [x=-0.031999, y=5.589722])";"30";"turtlesim3.sim";"1726607037.825541485";"/home/korol/ros2_ws/src/ros_tutorials/turtlesim/src/turtle.cpp:update:260"
"Oh no! I hit the wall! (Clamping from [x=-0.031999, y=5.589901])";"30";"turtlesim2.sim";"1726607037.824164439";"/home/korol/ros2_ws/src/ros_tutorials/turtlesim/src/turtle.cpp:update:260"
"Oh no! I hit the wall! (Clamping from [x=-0.031999, y=5.589901])";"30";"turtlesim1.sim";"1726607037.815128565";"/home/korol/ros2_ws/src/ros_tutorials/turtlesim/src/turtle.cpp:update:260"
"Oh no! I hit the wall! (Clamping from [x=-0.031999, y=5.589543])";"30";"turtlesim3.sim";"1726607037.809333197";"/home/korol/ros2_ws/src/ros_tutorials/turtlesim/src/turtle.cpp:update:260"
"Oh no! I hit the wall! (Clamping from [x=-0.031999, y=5.589722])";"30";"turtlesim2.sim";"1726607037.808068276";"/home/korol/ros2_ws/src/ros_tutorials/turtlesim/src/turtle.cpp:update:260"
"Oh no! I hit the wall! (Clamping from [x=-0.031999, y=5.589722])";"30";"turtlesim1.sim";"1726607037.799400954";"/home/korol/ros2_ws/src/ros_tutorials/turtlesim/src/turtle.cpp:update:260"
"Oh no! I hit the wall! (Clamping from [x=-0.031999, y=5.589543])";"30";"turtlesim2.sim";"1726607037.792856742";"/home/korol/ros2_ws/src/ros_tutorials/turtlesim/src/turtle.cpp:update:260"
"Oh no! I hit the wall! (Clamping from [x=-0.031999, y=5.589365])";"30";"turtlesim3.sim";"1726607037.792762942";"/home/korol/ros2_ws/src/ros_tutorials/turtlesim/src/turtle.cpp:update:260"
"Oh no! I hit the wall! (Clamping from [x=-0.031999, y=5.589543])";"30";"turtlesim1.sim";"1726607037.782821385";"/home/korol/ros2_ws/src/ros_tutorials/turtlesim/src/turtle.cpp:update:260"
"Oh no! I hit the wall! (Clamping from [x=-0.031999, y=5.589186])";"30";"turtlesim3.sim";"1726607037.776698587";"/home/korol/ros2_ws/src/ros_tutorials/turtlesim/src/turtle.cpp:update:260"
"Oh no! I hit the wall! (Clamping from [x=-0.031999, y=5.589365])";"30";"turtlesim2.sim";"1726607037.776706790";"/home/korol/ros2_ws/src/ros_tutorials/turtlesim/src/turtle.cpp:update:260"
"Oh no! I hit the wall! (Clamping from [x=-0.031999, y=5.589365])";"30";"turtlesim1.sim";"1726607037.767041061";"/home/korol/ros2_ws/src/ros_tutorials/turtlesim/src/turtle.cpp:update:260"
"Oh no! I hit the wall! (Clamping from [x=-0.031999, y=5.589007])";"30";"turtlesim3.sim";"1726607037.760872846";"/home/korol/ros2_ws/src/ros_tutorials/turtlesim/src/turtle.cpp:update:260"
"Oh no! I hit the wall! (Clamping from [x=-0.031999, y=5.589186])";"30";"turtlesim2.sim";"1726607037.760563826";"/home/korol/ros2_ws/src/ros_tutorials/turtlesim/src/turtle.cpp:update:260"
"Oh no! I hit the wall! (Clamping from [x=-0.031999, y=5.589186])";"30";"turtlesim1.sim";"1726607037.751321638";"/home/korol/ros2_ws/src/ros_tutorials/turtlesim/src/turtle.cpp:update:260"
"Oh no! I hit the wall! (Clamping from [x=-0.031999, y=5.588828])";"30";"turtlesim3.sim";"1726607037.744775851";"/home/korol/ros2_ws/src/ros_tutorials/turtlesim/src/turtle.cpp:update:260"
"Oh no! I hit the wall! (Clamping from [x=-0.031999, y=5.589007])";"30";"turtlesim2.sim";"1726607037.744653232";"/home/korol/ros2_ws/src/ros_tutorials/turtlesim/src/turtle.cpp:update:260"
"Oh no! I hit the wall! (Clamping from [x=-0.031999, y=5.589007])";"30";"turtlesim1.sim";"1726607037.734741482";"/home/korol/ros2_ws/src/ros_tutorials/turtlesim/src/turtle.cpp:update:260"
"Oh no! I hit the wall! (Clamping from [x=-0.031999, y=5.588649])";"30";"turtlesim3.sim";"1726607037.729174891";"/home/korol/ros2_ws/src/ros_tutorials/turtlesim/src/turtle.cpp:update:260"
"Oh no! I hit the wall! (Clamping from [x=-0.031999, y=5.588828])";"30";"turtlesim2.sim";"1726607037.728594151";"/home/korol/ros2_ws/src/ros_tutorials/turtlesim/src/turtle.cpp:update:260"
"Oh no! I hit the wall! (Clamping from [x=-0.031999, y=5.588828])";"30";"turtlesim1.sim";"1726607037.718988205";"/home/korol/ros2_ws/src/ros_tutorials/turtlesim/src/turtle.cpp:update:260"
"Oh no! I hit the wall! (Clamping from [x=-0.031999, y=5.588470])";"30";"turtlesim3.sim";"1726607037.713396580";"/home/korol/ros2_ws/src/ros_tutorials/turtlesim/src/turtle.cpp:update:260"
"Oh no! I hit the wall! (Clamping from [x=-0.031999, y=5.588649])";"30";"turtlesim2.sim";"1726607037.712513799";"/home/korol/ros2_ws/src/ros_tutorials/turtlesim/src/turtle.cpp:update:260"
"Oh no! I hit the wall! (Clamping from [x=-0.031999, y=5.588649])";"30";"turtlesim1.sim";"1726607037.703094753";"/home/korol/ros2_ws/src/ros_tutorials/turtlesim/src/turtle.cpp:update:260"
"Oh no! I hit the wall! (Clamping from [x=-0.031999, y=5.588291])";"30";"turtlesim3.sim";"1726607037.697361058";"/home/korol/ros2_ws/src/ros_tutorials/turtlesim/src/turtle.cpp:update:260"
"Oh no! I hit the wall! (Clamping from [x=-0.031999, y=5.588470])";"30";"turtlesim2.sim";"1726607037.696473005";"/home/korol/ros2_ws/src/ros_tutorials/turtlesim/src/turtle.cpp:update:260"
"Oh no! I hit the wall! (Clamping from [x=-0.031999, y=5.588470])";"30";"turtlesim1.sim";"1726607037.687207263";"/home/korol/ros2_ws/src/ros_tutorials/turtlesim/src/turtle.cpp:update:260"
"Oh no! I hit the wall! (Clamping from [x=-0.031999, y=5.588112])";"30";"turtlesim3.sim";"1726607037.681003627";"/home/korol/ros2_ws/src/ros_tutorials/turtlesim/src/turtle.cpp:update:260"
"Oh no! I hit the wall! (Clamping from [x=-0.031999, y=5.588291])";"30";"turtlesim2.sim";"1726607037.680954094";"/home/korol/ros2_ws/src/ros_tutorials/turtlesim/src/turtle.cpp:update:260"
"Oh no! I hit the wall! (Clamping from [x=-0.031999, y=5.588291])";"30";"turtlesim1.sim";"1726607037.671443307";"/home/korol/ros2_ws/src/ros_tutorials/turtlesim/src/turtle.cpp:update:260"
"Oh no! I hit the wall! (Clamping from [x=-0.031999, y=5.587933])";"30";"turtlesim3.sim";"1726607037.664990746";"/home/korol/ros2_ws/src/ros_tutorials/turtlesim/src/turtle.cpp:update:260"
"Oh no! I hit the wall! (Clamping from [x=-0.031999, y=5.588112])";"30";"turtlesim2.sim";"1726607037.664080088";"/home/korol/ros2_ws/src/ros_tutorials/turtlesim/src/turtle.cpp:update:260"
"Oh no! I hit the wall! (Clamping from [x=-0.031999, y=5.588112])";"30";"turtlesim1.sim";"1726607037.654692236";"/home/korol/ros2_ws/src/ros_tutorials/turtlesim/src/turtle.cpp:update:260"
"Oh no! I hit the wall! (Clamping from [x=-0.031999, y=5.587754])";"30";"turtlesim3.sim";"1726607037.649281502";"/home/korol/ros2_ws/src/ros_tutorials/turtlesim/src/turtle.cpp:update:260"
"Oh no! I hit the wall! (Clamping from [x=-0.031999, y=5.587933])";"30";"turtlesim2.sim";"1726607037.648141856";"/home/korol/ros2_ws/src/ros_tutorials/turtlesim/src/turtle.cpp:update:260"
"Oh no! I hit the wall! (Clamping from [x=-0.031999, y=5.587933])";"30";"turtlesim1.sim";"1726607037.639010151";"/home/korol/ros2_ws/src/ros_tutorials/turtlesim/src/turtle.cpp:update:260"
"Oh no! I hit the wall! (Clamping from [x=-0.031999, y=5.587575])";"30";"turtlesim3.sim";"1726607037.633411851";"/home/korol/ros2_ws/src/ros_tutorials/turtlesim/src/turtle.cpp:update:260"
"Oh no! I hit the wall! (Clamping from [x=-0.031999, y=5.587754])";"30";"turtlesim2.sim";"1726607037.632169809";"/home/korol/ros2_ws/src/ros_tutorials/turtlesim/src/turtle.cpp:update:260"
"Oh no! I hit the wall! (Clamping from [x=-0.031999, y=5.587754])";"30";"turtlesim1.sim";"1726607037.623262106";"/home/korol/ros2_ws/src/ros_tutorials/turtlesim/src/turtle.cpp:update:260"
"Oh no! I hit the wall! (Clamping from [x=-0.031999, y=5.587396])";"30";"turtlesim3.sim";"1726607037.616816277";"/home/korol/ros2_ws/src/ros_tutorials/turtlesim/src/turtle.cpp:update:260"
"Oh no! I hit the wall! (Clamping from [x=-0.031999, y=5.587575])";"30";"turtlesim2.sim";"1726607037.616125848";"/home/korol/ros2_ws/src/ros_tutorials/turtlesim/src/turtle.cpp:update:260"
"Oh no! I hit the wall! (Clamping from [x=-0.031999, y=5.587575])";"30";"turtlesim1.sim";"1726607037.607352315";"/home/korol/ros2_ws/src/ros_tutorials/turtlesim/src/turtle.cpp:update:260"
"Oh no! I hit the wall! (Clamping from [x=-0.031999, y=5.587217])";"30";"turtlesim3.sim";"1726607037.600934294";"/home/korol/ros2_ws/src/ros_tutorials/turtlesim/src/turtle.cpp:update:260"
"Oh no! I hit the wall! (Clamping from [x=-0.031999, y=5.587396])";"30";"turtlesim2.sim";"1726607037.600126512";"/home/korol/ros2_ws/src/ros_tutorials/turtlesim/src/turtle.cpp:update:260"
"Oh no! I hit the wall! (Clamping from [x=-0.031999, y=5.587396])";"30";"turtlesim1.sim";"1726607037.591285727";"/home/korol/ros2_ws/src/ros_tutorials/turtlesim/src/turtle.cpp:update:260"
"Oh no! I hit the wall! (Clamping from [x=-0.031999, y=5.587038])";"30";"turtlesim3.sim";"1726607037.585099032";"/home/korol/ros2_ws/src/ros_tutorials/turtlesim/src/turtle.cpp:update:260"
"Oh no! I hit the wall! (Clamping from [x=-0.031999, y=5.587217])";"30";"turtlesim2.sim";"1726607037.584197886";"/home/korol/ros2_ws/src/ros_tutorials/turtlesim/src/turtle.cpp:update:260"
"Oh no! I hit the wall! (Clamping from [x=-0.031999, y=5.587217])";"30";"turtlesim1.sim";"1726607037.575359783";"/home/korol/ros2_ws/src/ros_tutorials/turtlesim/src/turtle.cpp:update:260"
"Oh no! I hit the wall! (Clamping from [x=-0.031999, y=5.586859])";"30";"turtlesim3.sim";"1726607037.569172344";"/home/korol/ros2_ws/src/ros_tutorials/turtlesim/src/turtle.cpp:update:260"
"Oh no! I hit the wall! (Clamping from [x=-0.031999, y=5.587038])";"30";"turtlesim2.sim";"1726607037.568265172";"/home/korol/ros2_ws/src/ros_tutorials/turtlesim/src/turtle.cpp:update:260"
"Oh no! I hit the wall! (Clamping from [x=-0.031999, y=5.587038])";"30";"turtlesim1.sim";"1726607037.559467981";"/home/korol/ros2_ws/src/ros_tutorials/turtlesim/src/turtle.cpp:update:260"
"Oh no! I hit the wall! (Clamping from [x=-0.031999, y=5.586680])";"30";"turtlesim3.sim";"1726607037.553226369";"/home/korol/ros2_ws/src/ros_tutorials/turtlesim/src/turtle.cpp:update:260"
"Oh no! I hit the wall! (Clamping from [x=-0.031999, y=5.586859])";"30";"turtlesim2.sim";"1726607037.552292148";"/home/korol/ros2_ws/src/ros_tutorials/turtlesim/src/turtle.cpp:update:260"
"Oh no! I hit the wall! (Clamping from [x=-0.031999, y=5.586859])";"30";"turtlesim1.sim";"1726607037.542802240";"/home/korol/ros2_ws/src/ros_tutorials/turtlesim/src/turtle.cpp:update:260"
"Oh no! I hit the wall! (Clamping from [x=-0.031999, y=5.586680])";"30";"turtlesim2.sim";"1726607037.536876679";"/home/korol/ros2_ws/src/ros_tutorials/turtlesim/src/turtle.cpp:update:260"
"Oh no! I hit the wall! (Clamping from [x=-0.031999, y=5.586501])";"30";"turtlesim3.sim";"1726607037.536741042";"/home/korol/ros2_ws/src/ros_tutorials/turtlesim/src/turtle.cpp:update:260"
"Oh no! I hit the wall! (Clamping from [x=-0.031999, y=5.586680])";"30";"turtlesim1.sim";"1726607037.527029603";"/home/korol/ros2_ws/src/ros_tutorials/turtlesim/src/turtle.cpp:update:260"
"Oh no! I hit the wall! (Clamping from [x=-0.031999, y=5.586501])";"30";"turtlesim2.sim";"1726607037.520803371";"/home/korol/ros2_ws/src/ros_tutorials/turtlesim/src/turtle.cpp:update:260"
"Oh no! I hit the wall! (Clamping from [x=-0.031999, y=5.586322])";"30";"turtlesim3.sim";"1726607037.520803376";"/home/korol/ros2_ws/src/ros_tutorials/turtlesim/src/turtle.cpp:update:260"
"Oh no! I hit the wall! (Clamping from [x=-0.031999, y=5.586501])";"30";"turtlesim1.sim";"1726607037.511227904";"/home/korol/ros2_ws/src/ros_tutorials/turtlesim/src/turtle.cpp:update:260"
"Oh no! I hit the wall! (Clamping from [x=-0.031999, y=5.586322])";"30";"turtlesim2.sim";"1726607037.504547859";"/home/korol/ros2_ws/src/ros_tutorials/turtlesim/src/turtle.cpp:update:260"
"Oh no! I hit the wall! (Clamping from [x=-0.031999, y=5.586143])";"30";"turtlesim3.sim";"1726607037.504561411";"/home/korol/ros2_ws/src/ros_tutorials/turtlesim/src/turtle.cpp:update:260"
"Oh no! I hit the wall! (Clamping from [x=-0.031999, y=5.586322])";"30";"turtlesim1.sim";"1726607037.495536886";"/home/korol/ros2_ws/src/ros_tutorials/turtlesim/src/turtle.cpp:update:260"
"Oh no! I hit the wall! (Clamping from [x=-0.031999, y=5.585964])";"30";"turtlesim3.sim";"1726607037.488861873";"/home/korol/ros2_ws/src/ros_tutorials/turtlesim/src/turtle.cpp:update:260"
"Oh no! I hit the wall! (Clamping from [x=-0.031999, y=5.586143])";"30";"turtlesim2.sim";"1726607037.488362748";"/home/korol/ros2_ws/src/ros_tutorials/turtlesim/src/turtle.cpp:update:260"
"Oh no! I hit the wall! (Clamping from [x=-0.031999, y=5.586143])";"30";"turtlesim1.sim";"1726607037.479063285";"/home/korol/ros2_ws/src/ros_tutorials/turtlesim/src/turtle.cpp:update:260"
"Oh no! I hit the wall! (Clamping from [x=-0.031999, y=5.585785])";"30";"turtlesim3.sim";"1726607037.472859436";"/home/korol/ros2_ws/src/ros_tutorials/turtlesim/src/turtle.cpp:update:260"
"Oh no! I hit the wall! (Clamping from [x=-0.031999, y=5.585964])";"30";"turtlesim2.sim";"1726607037.472252677";"/home/korol/ros2_ws/src/ros_tutorials/turtlesim/src/turtle.cpp:update:260"
"Oh no! I hit the wall! (Clamping from [x=-0.031999, y=5.585964])";"30";"turtlesim1.sim";"1726607037.463114133";"/home/korol/ros2_ws/src/ros_tutorials/turtlesim/src/turtle.cpp:update:260"
"Oh no! I hit the wall! (Clamping from [x=-0.031999, y=5.585606])";"30";"turtlesim3.sim";"1726607037.456874540";"/home/korol/ros2_ws/src/ros_tutorials/turtlesim/src/turtle.cpp:update:260"
"Oh no! I hit the wall! (Clamping from [x=-0.031999, y=5.585785])";"30";"turtlesim2.sim";"1726607037.456314963";"/home/korol/ros2_ws/src/ros_tutorials/turtlesim/src/turtle.cpp:update:260"
"Oh no! I hit the wall! (Clamping from [x=-0.031999, y=5.585785])";"30";"turtlesim1.sim";"1726607037.447094578";"/home/korol/ros2_ws/src/ros_tutorials/turtlesim/src/turtle.cpp:update:260"
"Oh no! I hit the wall! (Clamping from [x=-0.031999, y=5.585427])";"30";"turtlesim3.sim";"1726607037.441049241";"/home/korol/ros2_ws/src/ros_tutorials/turtlesim/src/turtle.cpp:update:260"
"Oh no! I hit the wall! (Clamping from [x=-0.031999, y=5.585606])";"30";"turtlesim2.sim";"1726607037.440297623";"/home/korol/ros2_ws/src/ros_tutorials/turtlesim/src/turtle.cpp:update:260"
"Oh no! I hit the wall! (Clamping from [x=-0.031999, y=5.585606])";"30";"turtlesim1.sim";"1726607037.430585792";"/home/korol/ros2_ws/src/ros_tutorials/turtlesim/src/turtle.cpp:update:260"
"Oh no! I hit the wall! (Clamping from [x=-0.031999, y=5.585248])";"30";"turtlesim3.sim";"1726607037.425309868";"/home/korol/ros2_ws/src/ros_tutorials/turtlesim/src/turtle.cpp:update:260"
"Oh no! I hit the wall! (Clamping from [x=-0.031999, y=5.585427])";"30";"turtlesim2.sim";"1726607037.424831569";"/home/korol/ros2_ws/src/ros_tutorials/turtlesim/src/turtle.cpp:update:260"
"Oh no! I hit the wall! (Clamping from [x=-0.031999, y=5.585427])";"30";"turtlesim1.sim";"1726607037.414630128";"/home/korol/ros2_ws/src/ros_tutorials/turtlesim/src/turtle.cpp:update:260"
"Oh no! I hit the wall! (Clamping from [x=-0.031999, y=5.585069])";"30";"turtlesim3.sim";"1726607037.408842357";"/home/korol/ros2_ws/src/ros_tutorials/turtlesim/src/turtle.cpp:update:260"
"Oh no! I hit the wall! (Clamping from [x=-0.031999, y=5.585248])";"30";"turtlesim2.sim";"1726607037.408362514";"/home/korol/ros2_ws/src/ros_tutorials/turtlesim/src/turtle.cpp:update:260"
"Oh no! I hit the wall! (Clamping from [x=-0.031999, y=5.585248])";"30";"turtlesim1.sim";"1726607037.399072672";"/home/korol/ros2_ws/src/ros_tutorials/turtlesim/src/turtle.cpp:update:260"
"Oh no! I hit the wall! (Clamping from [x=-0.031999, y=5.584890])";"30";"turtlesim3.sim";"1726607037.393306436";"/home/korol/ros2_ws/src/ros_tutorials/turtlesim/src/turtle.cpp:update:260"
"Oh no! I hit the wall! (Clamping from [x=-0.031999, y=5.585069])";"30";"turtlesim2.sim";"1726607037.392683496";"/home/korol/ros2_ws/src/ros_tutorials/turtlesim/src/turtle.cpp:update:260"
"Oh no! I hit the wall! (Clamping from [x=-0.031999, y=5.585069])";"30";"turtlesim1.sim";"1726607037.383377576";"/home/korol/ros2_ws/src/ros_tutorials/turtlesim/src/turtle.cpp:update:260"
"Oh no! I hit the wall! (Clamping from [x=-0.031999, y=5.584711])";"30";"turtlesim3.sim";"1726607037.376779943";"/home/korol/ros2_ws/src/ros_tutorials/turtlesim/src/turtle.cpp:update:260"
"Oh no! I hit the wall! (Clamping from [x=-0.031999, y=5.584890])";"30";"turtlesim2.sim";"1726607037.376295570";"/home/korol/ros2_ws/src/ros_tutorials/turtlesim/src/turtle.cpp:update:260"
"Oh no! I hit the wall! (Clamping from [x=-0.031999, y=5.584890])";"30";"turtlesim1.sim";"1726607037.367336127";"/home/korol/ros2_ws/src/ros_tutorials/turtlesim/src/turtle.cpp:update:260"
"Oh no! I hit the wall! (Clamping from [x=-0.031999, y=5.584532])";"30";"turtlesim3.sim";"1726607037.360715044";"/home/korol/ros2_ws/src/ros_tutorials/turtlesim/src/turtle.cpp:update:260"
"Oh no! I hit the wall! (Clamping from [x=-0.031999, y=5.584711])";"30";"turtlesim2.sim";"1726607037.360225442";"/home/korol/ros2_ws/src/ros_tutorials/turtlesim/src/turtle.cpp:update:260"
"Oh no! I hit the wall! (Clamping from [x=-0.031999, y=5.584711])";"30";"turtlesim1.sim";"1726607037.351350562";"/home/korol/ros2_ws/src/ros_tutorials/turtlesim/src/turtle.cpp:update:260"
"Oh no! I hit the wall! (Clamping from [x=-0.031999, y=5.584354])";"30";"turtlesim3.sim";"1726607037.344962918";"/home/korol/ros2_ws/src/ros_tutorials/turtlesim/src/turtle.cpp:update:260"
"Oh no! I hit the wall! (Clamping from [x=-0.031999, y=5.584532])";"30";"turtlesim2.sim";"1726607037.344362764";"/home/korol/ros2_ws/src/ros_tutorials/turtlesim/src/turtle.cpp:update:260"
"Oh no! I hit the wall! (Clamping from [x=-0.031999, y=5.584532])";"30";"turtlesim1.sim";"1726607037.334543836";"/home/korol/ros2_ws/src/ros_tutorials/turtlesim/src/turtle.cpp:update:260"
"Oh no! I hit the wall! (Clamping from [x=-0.031999, y=5.584175])";"30";"turtlesim3.sim";"1726607037.329076183";"/home/korol/ros2_ws/src/ros_tutorials/turtlesim/src/turtle.cpp:update:260"
"Oh no! I hit the wall! (Clamping from [x=-0.031999, y=5.584354])";"30";"turtlesim2.sim";"1726607037.328509470";"/home/korol/ros2_ws/src/ros_tutorials/turtlesim/src/turtle.cpp:update:260"
"Oh no! I hit the wall! (Clamping from [x=-0.031999, y=5.584354])";"30";"turtlesim1.sim";"1726607037.318571155";"/home/korol/ros2_ws/src/ros_tutorials/turtlesim/src/turtle.cpp:update:260"
"Oh no! I hit the wall! (Clamping from [x=-0.031999, y=5.583996])";"30";"turtlesim3.sim";"1726607037.313198697";"/home/korol/ros2_ws/src/ros_tutorials/turtlesim/src/turtle.cpp:update:260"
"Oh no! I hit the wall! (Clamping from [x=-0.031999, y=5.584175])";"30";"turtlesim2.sim";"1726607037.312730408";"/home/korol/ros2_ws/src/ros_tutorials/turtlesim/src/turtle.cpp:update:260"
"Oh no! I hit the wall! (Clamping from [x=-0.031999, y=5.584175])";"30";"turtlesim1.sim";"1726607037.302810721";"/home/korol/ros2_ws/src/ros_tutorials/turtlesim/src/turtle.cpp:update:260"
"Oh no! I hit the wall! (Clamping from [x=-0.031999, y=5.583817])";"30";"turtlesim3.sim";"1726607037.297398890";"/home/korol/ros2_ws/src/ros_tutorials/turtlesim/src/turtle.cpp:update:260"
"Oh no! I hit the wall! (Clamping from [x=-0.031999, y=5.583996])";"30";"turtlesim2.sim";"1726607037.295837990";"/home/korol/ros2_ws/src/ros_tutorials/turtlesim/src/turtle.cpp:update:260"
"Oh no! I hit the wall! (Clamping from [x=-0.031999, y=5.583996])";"30";"turtlesim1.sim";"1726607037.286697196";"/home/korol/ros2_ws/src/ros_tutorials/turtlesim/src/turtle.cpp:update:260"
"Oh no! I hit the wall! (Clamping from [x=-0.031999, y=5.583638])";"30";"turtlesim3.sim";"1726607037.280762021";"/home/korol/ros2_ws/src/ros_tutorials/turtlesim/src/turtle.cpp:update:260"
"Oh no! I hit the wall! (Clamping from [x=-0.031999, y=5.583817])";"30";"turtlesim2.sim";"1726607037.280083943";"/home/korol/ros2_ws/src/ros_tutorials/turtlesim/src/turtle.cpp:update:260"
"Oh no! I hit the wall! (Clamping from [x=-0.031999, y=5.583817])";"30";"turtlesim1.sim";"1726607037.270761605";"/home/korol/ros2_ws/src/ros_tutorials/turtlesim/src/turtle.cpp:update:260"
"Oh no! I hit the wall! (Clamping from [x=-0.031999, y=5.583459])";"30";"turtlesim3.sim";"1726607037.265108109";"/home/korol/ros2_ws/src/ros_tutorials/turtlesim/src/turtle.cpp:update:260"
"Oh no! I hit the wall! (Clamping from [x=-0.031999, y=5.583638])";"30";"turtlesim2.sim";"1726607037.264234339";"/home/korol/ros2_ws/src/ros_tutorials/turtlesim/src/turtle.cpp:update:260"
"Oh no! I hit the wall! (Clamping from [x=-0.031999, y=5.583638])";"30";"turtlesim1.sim";"1726607037.254904129";"/home/korol/ros2_ws/src/ros_tutorials/turtlesim/src/turtle.cpp:update:260"
"Oh no! I hit the wall! (Clamping from [x=-0.031999, y=5.583280])";"30";"turtlesim3.sim";"1726607037.249283455";"/home/korol/ros2_ws/src/ros_tutorials/turtlesim/src/turtle.cpp:update:260"
"Oh no! I hit the wall! (Clamping from [x=-0.031999, y=5.583459])";"30";"turtlesim2.sim";"1726607037.248216442";"/home/korol/ros2_ws/src/ros_tutorials/turtlesim/src/turtle.cpp:update:260"
"Oh no! I hit the wall! (Clamping from [x=-0.031999, y=5.583459])";"30";"turtlesim1.sim";"1726607037.238912800";"/home/korol/ros2_ws/src/ros_tutorials/turtlesim/src/turtle.cpp:update:260"
"Oh no! I hit the wall! (Clamping from [x=-0.031999, y=5.583101])";"30";"turtlesim3.sim";"1726607037.233150798";"/home/korol/ros2_ws/src/ros_tutorials/turtlesim/src/turtle.cpp:update:260"
"Oh no! I hit the wall! (Clamping from [x=-0.031999, y=5.583280])";"30";"turtlesim2.sim";"1726607037.232204514";"/home/korol/ros2_ws/src/ros_tutorials/turtlesim/src/turtle.cpp:update:260"
"Oh no! I hit the wall! (Clamping from [x=-0.031999, y=5.583280])";"30";"turtlesim1.sim";"1726607037.223271793";"/home/korol/ros2_ws/src/ros_tutorials/turtlesim/src/turtle.cpp:update:260"
"Oh no! I hit the wall! (Clamping from [x=-0.031999, y=5.582922])";"30";"turtlesim3.sim";"1726607037.217551958";"/home/korol/ros2_ws/src/ros_tutorials/turtlesim/src/turtle.cpp:update:260"
"Oh no! I hit the wall! (Clamping from [x=-0.031999, y=5.583101])";"30";"turtlesim2.sim";"1726607037.216089302";"/home/korol/ros2_ws/src/ros_tutorials/turtlesim/src/turtle.cpp:update:260"
"Oh no! I hit the wall! (Clamping from [x=-0.031999, y=5.583101])";"30";"turtlesim1.sim";"1726607037.207348141";"/home/korol/ros2_ws/src/ros_tutorials/turtlesim/src/turtle.cpp:update:260"
"Oh no! I hit the wall! (Clamping from [x=-0.031999, y=5.582743])";"30";"turtlesim3.sim";"1726607037.201590658";"/home/korol/ros2_ws/src/ros_tutorials/turtlesim/src/turtle.cpp:update:260"
"Oh no! I hit the wall! (Clamping from [x=-0.031999, y=5.582922])";"30";"turtlesim2.sim";"1726607037.200358823";"/home/korol/ros2_ws/src/ros_tutorials/turtlesim/src/turtle.cpp:update:260"
"Oh no! I hit the wall! (Clamping from [x=-0.031999, y=5.582922])";"30";"turtlesim1.sim";"1726607037.191515409";"/home/korol/ros2_ws/src/ros_tutorials/turtlesim/src/turtle.cpp:update:260"
"Oh no! I hit the wall! (Clamping from [x=-0.031999, y=5.582564])";"30";"turtlesim3.sim";"1726607037.184637134";"/home/korol/ros2_ws/src/ros_tutorials/turtlesim/src/turtle.cpp:update:260"
"Oh no! I hit the wall! (Clamping from [x=-0.031999, y=5.582743])";"30";"turtlesim2.sim";"1726607037.184589796";"/home/korol/ros2_ws/src/ros_tutorials/turtlesim/src/turtle.cpp:update:260"
"Oh no! I hit the wall! (Clamping from [x=-0.031999, y=5.582743])";"30";"turtlesim1.sim";"1726607037.175447129";"/home/korol/ros2_ws/src/ros_tutorials/turtlesim/src/turtle.cpp:update:260"
"Oh no! I hit the wall! (Clamping from [x=-0.031999, y=5.582385])";"30";"turtlesim3.sim";"1726607037.168935635";"/home/korol/ros2_ws/src/ros_tutorials/turtlesim/src/turtle.cpp:update:260"
"Oh no! I hit the wall! (Clamping from [x=-0.031999, y=5.582564])";"30";"turtlesim2.sim";"1726607037.168511657";"/home/korol/ros2_ws/src/ros_tutorials/turtlesim/src/turtle.cpp:update:260"
"Oh no! I hit the wall! (Clamping from [x=-0.031999, y=5.582564])";"30";"turtlesim1.sim";"1726607037.158817553";"/home/korol/ros2_ws/src/ros_tutorials/turtlesim/src/turtle.cpp:update:260"
"Oh no! I hit the wall! (Clamping from [x=-0.031999, y=5.582206])";"30";"turtlesim3.sim";"1726607037.152973500";"/home/korol/ros2_ws/src/ros_tutorials/turtlesim/src/turtle.cpp:update:260"
"Oh no! I hit the wall! (Clamping from [x=-0.031999, y=5.582385])";"30";"turtlesim2.sim";"1726607037.152495243";"/home/korol/ros2_ws/src/ros_tutorials/turtlesim/src/turtle.cpp:update:260"
"Oh no! I hit the wall! (Clamping from [x=-0.031999, y=5.582385])";"30";"turtlesim1.sim";"1726607037.143347952";"/home/korol/ros2_ws/src/ros_tutorials/turtlesim/src/turtle.cpp:update:260"
"Oh no! I hit the wall! (Clamping from [x=-0.031999, y=5.582027])";"30";"turtlesim3.sim";"1726607037.137476701";"/home/korol/ros2_ws/src/ros_tutorials/turtlesim/src/turtle.cpp:update:260"
"Oh no! I hit the wall! (Clamping from [x=-0.031999, y=5.582206])";"30";"turtlesim2.sim";"1726607037.136632949";"/home/korol/ros2_ws/src/ros_tutorials/turtlesim/src/turtle.cpp:update:260"
"Oh no! I hit the wall! (Clamping from [x=-0.031999, y=5.582206])";"30";"turtlesim1.sim";"1726607037.127067315";"/home/korol/ros2_ws/src/ros_tutorials/turtlesim/src/turtle.cpp:update:260"
"Oh no! I hit the wall! (Clamping from [x=-0.031999, y=5.581848])";"30";"turtlesim3.sim";"1726607037.121165246";"/home/korol/ros2_ws/src/ros_tutorials/turtlesim/src/turtle.cpp:update:260"
"Oh no! I hit the wall! (Clamping from [x=-0.031999, y=5.582027])";"30";"turtlesim2.sim";"1726607037.119995725";"/home/korol/ros2_ws/src/ros_tutorials/turtlesim/src/turtle.cpp:update:260"
"Oh no! I hit the wall! (Clamping from [x=-0.031999, y=5.582027])";"30";"turtlesim1.sim";"1726607037.111089319";"/home/korol/ros2_ws/src/ros_tutorials/turtlesim/src/turtle.cpp:update:260"
"Oh no! I hit the wall! (Clamping from [x=-0.031999, y=5.581669])";"30";"turtlesim3.sim";"1726607037.105093740";"/home/korol/ros2_ws/src/ros_tutorials/turtlesim/src/turtle.cpp:update:260"
"Oh no! I hit the wall! (Clamping from [x=-0.031999, y=5.581848])";"30";"turtlesim2.sim";"1726607037.104827168";"/home/korol/ros2_ws/src/ros_tutorials/turtlesim/src/turtle.cpp:update:260"
"Oh no! I hit the wall! (Clamping from [x=-0.031999, y=5.581848])";"30";"turtlesim1.sim";"1726607037.095213794";"/home/korol/ros2_ws/src/ros_tutorials/turtlesim/src/turtle.cpp:update:260"
"Oh no! I hit the wall! (Clamping from [x=-0.031999, y=5.581490])";"30";"turtlesim3.sim";"1726607037.089299048";"/home/korol/ros2_ws/src/ros_tutorials/turtlesim/src/turtle.cpp:update:260"
"Oh no! I hit the wall! (Clamping from [x=-0.031999, y=5.581669])";"30";"turtlesim2.sim";"1726607037.087856283";"/home/korol/ros2_ws/src/ros_tutorials/turtlesim/src/turtle.cpp:update:260"
"Oh no! I hit the wall! (Clamping from [x=-0.031999, y=5.581669])";"30";"turtlesim1.sim";"1726607037.079376794";"/home/korol/ros2_ws/src/ros_tutorials/turtlesim/src/turtle.cpp:update:260"
"Oh no! I hit the wall! (Clamping from [x=-0.031999, y=5.581311])";"30";"turtlesim3.sim";"1726607037.072462858";"/home/korol/ros2_ws/src/ros_tutorials/turtlesim/src/turtle.cpp:update:260"
"Oh no! I hit the wall! (Clamping from [x=-0.031999, y=5.581490])";"30";"turtlesim2.sim";"1726607037.072061242";"/home/korol/ros2_ws/src/ros_tutorials/turtlesim/src/turtle.cpp:update:260"
"Oh no! I hit the wall! (Clamping from [x=-0.031999, y=5.581490])";"30";"turtlesim1.sim";"1726607037.063446809";"/home/korol/ros2_ws/src/ros_tutorials/turtlesim/src/turtle.cpp:update:260"
"Oh no! I hit the wall! (Clamping from [x=-0.031999, y=5.581132])";"30";"turtlesim3.sim";"1726607037.056642669";"/home/korol/ros2_ws/src/ros_tutorials/turtlesim/src/turtle.cpp:update:260"
"Oh no! I hit the wall! (Clamping from [x=-0.031999, y=5.581311])";"30";"turtlesim2.sim";"1726607037.056197295";"/home/korol/ros2_ws/src/ros_tutorials/turtlesim/src/turtle.cpp:update:260"
"Oh no! I hit the wall! (Clamping from [x=-0.031999, y=5.581311])";"30";"turtlesim1.sim";"1726607037.046704647";"/home/korol/ros2_ws/src/ros_tutorials/turtlesim/src/turtle.cpp:update:260"
"Oh no! I hit the wall! (Clamping from [x=-0.031999, y=5.580953])";"30";"turtlesim3.sim";"1726607037.040596976";"/home/korol/ros2_ws/src/ros_tutorials/turtlesim/src/turtle.cpp:update:260"
"Oh no! I hit the wall! (Clamping from [x=-0.031999, y=5.581132])";"30";"turtlesim2.sim";"1726607037.040246712";"/home/korol/ros2_ws/src/ros_tutorials/turtlesim/src/turtle.cpp:update:260"
"Oh no! I hit the wall! (Clamping from [x=-0.031999, y=5.581132])";"30";"turtlesim1.sim";"1726607037.030966546";"/home/korol/ros2_ws/src/ros_tutorials/turtlesim/src/turtle.cpp:update:260"
"Oh no! I hit the wall! (Clamping from [x=-0.031999, y=5.580774])";"30";"turtlesim3.sim";"1726607037.024858417";"/home/korol/ros2_ws/src/ros_tutorials/turtlesim/src/turtle.cpp:update:260"
"Oh no! I hit the wall! (Clamping from [x=-0.031999, y=5.580953])";"30";"turtlesim2.sim";"1726607037.024452949";"/home/korol/ros2_ws/src/ros_tutorials/turtlesim/src/turtle.cpp:update:260"
"Oh no! I hit the wall! (Clamping from [x=-0.031999, y=5.580953])";"30";"turtlesim1.sim";"1726607037.014776942";"/home/korol/ros2_ws/src/ros_tutorials/turtlesim/src/turtle.cpp:update:260"
"Oh no! I hit the wall! (Clamping from [x=-0.031999, y=5.580595])";"30";"turtlesim3.sim";"1726607037.008744415";"/home/korol/ros2_ws/src/ros_tutorials/turtlesim/src/turtle.cpp:update:260"
"Oh no! I hit the wall! (Clamping from [x=-0.031999, y=5.580774])";"30";"turtlesim2.sim";"1726607037.008298948";"/home/korol/ros2_ws/src/ros_tutorials/turtlesim/src/turtle.cpp:update:260"
"Oh no! I hit the wall! (Clamping from [x=-0.031999, y=5.580774])";"30";"turtlesim1.sim";"1726607036.999457881";"/home/korol/ros2_ws/src/ros_tutorials/turtlesim/src/turtle.cpp:update:260"
"Oh no! I hit the wall! (Clamping from [x=-0.031999, y=5.580416])";"30";"turtlesim3.sim";"1726607036.993058055";"/home/korol/ros2_ws/src/ros_tutorials/turtlesim/src/turtle.cpp:update:260"
"Oh no! I hit the wall! (Clamping from [x=-0.031999, y=5.580595])";"30";"turtlesim2.sim";"1726607036.992067739";"/home/korol/ros2_ws/src/ros_tutorials/turtlesim/src/turtle.cpp:update:260"
"Oh no! I hit the wall! (Clamping from [x=-0.031999, y=5.580595])";"30";"turtlesim1.sim";"1726607036.983124078";"/home/korol/ros2_ws/src/ros_tutorials/turtlesim/src/turtle.cpp:update:260"
"Oh no! I hit the wall! (Clamping from [x=-0.031999, y=5.580237])";"30";"turtlesim3.sim";"1726607036.977319129";"/home/korol/ros2_ws/src/ros_tutorials/turtlesim/src/turtle.cpp:update:260"
"Oh no! I hit the wall! (Clamping from [x=-0.031999, y=5.580416])";"30";"turtlesim2.sim";"1726607036.975935687";"/home/korol/ros2_ws/src/ros_tutorials/turtlesim/src/turtle.cpp:update:260"
"Oh no! I hit the wall! (Clamping from [x=-0.031999, y=5.580416])";"30";"turtlesim1.sim";"1726607036.966546693";"/home/korol/ros2_ws/src/ros_tutorials/turtlesim/src/turtle.cpp:update:260"
"Oh no! I hit the wall! (Clamping from [x=-0.031999, y=5.580058])";"30";"turtlesim3.sim";"1726607036.961498916";"/home/korol/ros2_ws/src/ros_tutorials/turtlesim/src/turtle.cpp:update:260"
"Oh no! I hit the wall! (Clamping from [x=-0.031999, y=5.580237])";"30";"turtlesim2.sim";"1726607036.960147613";"/home/korol/ros2_ws/src/ros_tutorials/turtlesim/src/turtle.cpp:update:260"
"Oh no! I hit the wall! (Clamping from [x=-0.031999, y=5.580237])";"30";"turtlesim1.sim";"1726607036.951024735";"/home/korol/ros2_ws/src/ros_tutorials/turtlesim/src/turtle.cpp:update:260"
"Oh no! I hit the wall! (Clamping from [x=-0.031999, y=5.579879])";"30";"turtlesim3.sim";"1726607036.944949285";"/home/korol/ros2_ws/src/ros_tutorials/turtlesim/src/turtle.cpp:update:260"
"Oh no! I hit the wall! (Clamping from [x=-0.031999, y=5.580058])";"30";"turtlesim2.sim";"1726607036.944225901";"/home/korol/ros2_ws/src/ros_tutorials/turtlesim/src/turtle.cpp:update:260"
"Oh no! I hit the wall! (Clamping from [x=-0.031999, y=5.580058])";"30";"turtlesim1.sim";"1726607036.934617236";"/home/korol/ros2_ws/src/ros_tutorials/turtlesim/src/turtle.cpp:update:260"
"Oh no! I hit the wall! (Clamping from [x=-0.031999, y=5.579700])";"30";"turtlesim3.sim";"1726607036.929275923";"/home/korol/ros2_ws/src/ros_tutorials/turtlesim/src/turtle.cpp:update:260"
"Oh no! I hit the wall! (Clamping from [x=-0.031999, y=5.579879])";"30";"turtlesim2.sim";"1726607036.928699432";"/home/korol/ros2_ws/src/ros_tutorials/turtlesim/src/turtle.cpp:update:260"
"Oh no! I hit the wall! (Clamping from [x=-0.031999, y=5.579879])";"30";"turtlesim1.sim";"1726607036.919064267";"/home/korol/ros2_ws/src/ros_tutorials/turtlesim/src/turtle.cpp:update:260"
"Oh no! I hit the wall! (Clamping from [x=-0.031999, y=5.579522])";"30";"turtlesim3.sim";"1726607036.913493608";"/home/korol/ros2_ws/src/ros_tutorials/turtlesim/src/turtle.cpp:update:260"
"Oh no! I hit the wall! (Clamping from [x=-0.031999, y=5.579700])";"30";"turtlesim2.sim";"1726607036.912208632";"/home/korol/ros2_ws/src/ros_tutorials/turtlesim/src/turtle.cpp:update:260"
"Oh no! I hit the wall! (Clamping from [x=-0.031999, y=5.579700])";"30";"turtlesim1.sim";"1726607036.902610202";"/home/korol/ros2_ws/src/ros_tutorials/turtlesim/src/turtle.cpp:update:260"
"Oh no! I hit the wall! (Clamping from [x=-0.031999, y=5.579343])";"30";"turtlesim3.sim";"1726607036.896662069";"/home/korol/ros2_ws/src/ros_tutorials/turtlesim/src/turtle.cpp:update:260"
"Oh no! I hit the wall! (Clamping from [x=-0.031999, y=5.579522])";"30";"turtlesim2.sim";"1726607036.896646413";"/home/korol/ros2_ws/src/ros_tutorials/turtlesim/src/turtle.cpp:update:260"
"Oh no! I hit the wall! (Clamping from [x=-0.031999, y=5.579522])";"30";"turtlesim1.sim";"1726607036.887285494";"/home/korol/ros2_ws/src/ros_tutorials/turtlesim/src/turtle.cpp:update:260"
"Oh no! I hit the wall! (Clamping from [x=-0.031999, y=5.579343])";"30";"turtlesim2.sim";"1726607036.880779927";"/home/korol/ros2_ws/src/ros_tutorials/turtlesim/src/turtle.cpp:update:260"
"Oh no! I hit the wall! (Clamping from [x=-0.031999, y=5.579164])";"30";"turtlesim3.sim";"1726607036.880764376";"/home/korol/ros2_ws/src/ros_tutorials/turtlesim/src/turtle.cpp:update:260"
"Oh no! I hit the wall! (Clamping from [x=-0.031999, y=5.579343])";"30";"turtlesim1.sim";"1726607036.871501276";"/home/korol/ros2_ws/src/ros_tutorials/turtlesim/src/turtle.cpp:update:260"
"Oh no! I hit the wall! (Clamping from [x=-0.031999, y=5.578985])";"30";"turtlesim3.sim";"1726607036.864897156";"/home/korol/ros2_ws/src/ros_tutorials/turtlesim/src/turtle.cpp:update:260"
"Oh no! I hit the wall! (Clamping from [x=-0.031999, y=5.579164])";"30";"turtlesim2.sim";"1726607036.864570245";"/home/korol/ros2_ws/src/ros_tutorials/turtlesim/src/turtle.cpp:update:260"
"Oh no! I hit the wall! (Clamping from [x=-0.031999, y=5.579164])";"30";"turtlesim1.sim";"1726607036.855587832";"/home/korol/ros2_ws/src/ros_tutorials/turtlesim/src/turtle.cpp:update:260"
"Oh no! I hit the wall! (Clamping from [x=-0.031999, y=5.578806])";"30";"turtlesim3.sim";"1726607036.849115677";"/home/korol/ros2_ws/src/ros_tutorials/turtlesim/src/turtle.cpp:update:260"
"Oh no! I hit the wall! (Clamping from [x=-0.031999, y=5.578985])";"30";"turtlesim2.sim";"1726607036.848391107";"/home/korol/ros2_ws/src/ros_tutorials/turtlesim/src/turtle.cpp:update:260"
"Oh no! I hit the wall! (Clamping from [x=-0.031999, y=5.578985])";"30";"turtlesim1.sim";"1726607036.839479268";"/home/korol/ros2_ws/src/ros_tutorials/turtlesim/src/turtle.cpp:update:260"
"Oh no! I hit the wall! (Clamping from [x=-0.031999, y=5.578627])";"30";"turtlesim3.sim";"1726607036.832923607";"/home/korol/ros2_ws/src/ros_tutorials/turtlesim/src/turtle.cpp:update:260"
"Oh no! I hit the wall! (Clamping from [x=-0.031999, y=5.578806])";"30";"turtlesim2.sim";"1726607036.832048723";"/home/korol/ros2_ws/src/ros_tutorials/turtlesim/src/turtle.cpp:update:260"
"Oh no! I hit the wall! (Clamping from [x=-0.031999, y=5.578806])";"30";"turtlesim1.sim";"1726607036.823119399";"/home/korol/ros2_ws/src/ros_tutorials/turtlesim/src/turtle.cpp:update:260"
"Oh no! I hit the wall! (Clamping from [x=-0.031999, y=5.578627])";"30";"turtlesim2.sim";"1726607036.816822982";"/home/korol/ros2_ws/src/ros_tutorials/turtlesim/src/turtle.cpp:update:260"
"Oh no! I hit the wall! (Clamping from [x=-0.031999, y=5.578448])";"30";"turtlesim3.sim";"1726607036.816822838";"/home/korol/ros2_ws/src/ros_tutorials/turtlesim/src/turtle.cpp:update:260"
"Oh no! I hit the wall! (Clamping from [x=-0.031999, y=5.578627])";"30";"turtlesim1.sim";"1726607036.806824265";"/home/korol/ros2_ws/src/ros_tutorials/turtlesim/src/turtle.cpp:update:260"
"Oh no! I hit the wall! (Clamping from [x=-0.031999, y=5.578448])";"30";"turtlesim2.sim";"1726607036.800608247";"/home/korol/ros2_ws/src/ros_tutorials/turtlesim/src/turtle.cpp:update:260"
"Oh no! I hit the wall! (Clamping from [x=-0.031999, y=5.578448])";"30";"turtlesim1.sim";"1726607036.790864237";"/home/korol/ros2_ws/src/ros_tutorials/turtlesim/src/turtle.cpp:update:260"
"Oh no! I hit the wall! (Clamping from [x=-0.031999, y=5.578269])";"30";"turtlesim3.sim";"1726607036.257311964";"/home/korol/ros2_ws/src/ros_tutorials/turtlesim/src/turtle.cpp:update:260"
"Oh no! I hit the wall! (Clamping from [x=-0.031999, y=5.578090])";"30";"turtlesim3.sim";"1726607036.241140197";"/home/korol/ros2_ws/src/ros_tutorials/turtlesim/src/turtle.cpp:update:260"
"Oh no! I hit the wall! (Clamping from [x=-0.031999, y=5.578269])";"30";"turtlesim2.sim";"1726607036.240161844";"/home/korol/ros2_ws/src/ros_tutorials/turtlesim/src/turtle.cpp:update:260"
"Oh no! I hit the wall! (Clamping from [x=-0.031999, y=5.578269])";"30";"turtlesim1.sim";"1726607036.230592974";"/home/korol/ros2_ws/src/ros_tutorials/turtlesim/src/turtle.cpp:update:260"
"Oh no! I hit the wall! (Clamping from [x=-0.031999, y=5.577911])";"30";"turtlesim3.sim";"1726607036.225574517";"/home/korol/ros2_ws/src/ros_tutorials/turtlesim/src/turtle.cpp:update:260"
"Oh no! I hit the wall! (Clamping from [x=-0.031999, y=5.578090])";"30";"turtlesim2.sim";"1726607036.224471641";"/home/korol/ros2_ws/src/ros_tutorials/turtlesim/src/turtle.cpp:update:260"
"Oh no! I hit the wall! (Clamping from [x=-0.031999, y=5.578090])";"30";"turtlesim1.sim";"1726607036.215240885";"/home/korol/ros2_ws/src/ros_tutorials/turtlesim/src/turtle.cpp:update:260"
"Oh no! I hit the wall! (Clamping from [x=-0.031999, y=5.577732])";"30";"turtlesim3.sim";"1726607036.208909861";"/home/korol/ros2_ws/src/ros_tutorials/turtlesim/src/turtle.cpp:update:260"
"Oh no! I hit the wall! (Clamping from [x=-0.031999, y=5.577911])";"30";"turtlesim2.sim";"1726607036.208727574";"/home/korol/ros2_ws/src/ros_tutorials/turtlesim/src/turtle.cpp:update:260"
"Oh no! I hit the wall! (Clamping from [x=-0.031999, y=5.577911])";"30";"turtlesim1.sim";"1726607036.198844413";"/home/korol/ros2_ws/src/ros_tutorials/turtlesim/src/turtle.cpp:update:260"
"Oh no! I hit the wall! (Clamping from [x=-0.031999, y=5.577553])";"30";"turtlesim3.sim";"1726607036.193216425";"/home/korol/ros2_ws/src/ros_tutorials/turtlesim/src/turtle.cpp:update:260"
"Oh no! I hit the wall! (Clamping from [x=-0.031999, y=5.577732])";"30";"turtlesim2.sim";"1726607036.192079483";"/home/korol/ros2_ws/src/ros_tutorials/turtlesim/src/turtle.cpp:update:260"
"Oh no! I hit the wall! (Clamping from [x=-0.031999, y=5.577732])";"30";"turtlesim1.sim";"1726607036.183513296";"/home/korol/ros2_ws/src/ros_tutorials/turtlesim/src/turtle.cpp:update:260"
"Oh no! I hit the wall! (Clamping from [x=-0.031999, y=5.577374])";"30";"turtlesim3.sim";"1726607036.176782380";"/home/korol/ros2_ws/src/ros_tutorials/turtlesim/src/turtle.cpp:update:260"
"Oh no! I hit the wall! (Clamping from [x=-0.031999, y=5.577553])";"30";"turtlesim2.sim";"1726607036.175866480";"/home/korol/ros2_ws/src/ros_tutorials/turtlesim/src/turtle.cpp:update:260"
"Oh no! I hit the wall! (Clamping from [x=-0.031999, y=5.577553])";"30";"turtlesim1.sim";"1726607036.166601555";"/home/korol/ros2_ws/src/ros_tutorials/turtlesim/src/turtle.cpp:update:260"
"Oh no! I hit the wall! (Clamping from [x=-0.031999, y=5.577195])";"30";"turtlesim3.sim";"1726607036.160808062";"/home/korol/ros2_ws/src/ros_tutorials/turtlesim/src/turtle.cpp:update:260"
"Oh no! I hit the wall! (Clamping from [x=-0.031999, y=5.577374])";"30";"turtlesim2.sim";"1726607036.159896324";"/home/korol/ros2_ws/src/ros_tutorials/turtlesim/src/turtle.cpp:update:260"
"Oh no! I hit the wall! (Clamping from [x=-0.031999, y=5.577374])";"30";"turtlesim1.sim";"1726607036.150800201";"/home/korol/ros2_ws/src/ros_tutorials/turtlesim/src/turtle.cpp:update:260"
"Oh no! I hit the wall! (Clamping from [x=-0.031999, y=5.577016])";"30";"turtlesim3.sim";"1726607036.144979337";"/home/korol/ros2_ws/src/ros_tutorials/turtlesim/src/turtle.cpp:update:260"
"Oh no! I hit the wall! (Clamping from [x=-0.031999, y=5.577195])";"30";"turtlesim2.sim";"1726607036.144022937";"/home/korol/ros2_ws/src/ros_tutorials/turtlesim/src/turtle.cpp:update:260"
"Oh no! I hit the wall! (Clamping from [x=-0.031999, y=5.577195])";"30";"turtlesim1.sim";"1726607036.134785720";"/home/korol/ros2_ws/src/ros_tutorials/turtlesim/src/turtle.cpp:update:260"
"Oh no! I hit the wall! (Clamping from [x=-0.031999, y=5.576837])";"30";"turtlesim3.sim";"1726607036.129208361";"/home/korol/ros2_ws/src/ros_tutorials/turtlesim/src/turtle.cpp:update:260"
"Oh no! I hit the wall! (Clamping from [x=-0.031999, y=5.577016])";"30";"turtlesim2.sim";"1726607036.128214480";"/home/korol/ros2_ws/src/ros_tutorials/turtlesim/src/turtle.cpp:update:260"
"Oh no! I hit the wall! (Clamping from [x=-0.031999, y=5.577016])";"30";"turtlesim1.sim";"1726607036.118678841";"/home/korol/ros2_ws/src/ros_tutorials/turtlesim/src/turtle.cpp:update:260"
"Oh no! I hit the wall! (Clamping from [x=-0.031999, y=5.576658])";"30";"turtlesim3.sim";"1726607036.113155050";"/home/korol/ros2_ws/src/ros_tutorials/turtlesim/src/turtle.cpp:update:260"
"Oh no! I hit the wall! (Clamping from [x=-0.031999, y=5.576837])";"30";"turtlesim2.sim";"1726607036.112046743";"/home/korol/ros2_ws/src/ros_tutorials/turtlesim/src/turtle.cpp:update:260"
"Oh no! I hit the wall! (Clamping from [x=-0.031999, y=5.576837])";"30";"turtlesim1.sim";"1726607036.103382837";"/home/korol/ros2_ws/src/ros_tutorials/turtlesim/src/turtle.cpp:update:260"
"Oh no! I hit the wall! (Clamping from [x=-0.031999, y=5.576479])";"30";"turtlesim3.sim";"1726607036.096899275";"/home/korol/ros2_ws/src/ros_tutorials/turtlesim/src/turtle.cpp:update:260"
"Oh no! I hit the wall! (Clamping from [x=-0.031999, y=5.576658])";"30";"turtlesim2.sim";"1726607036.095967174";"/home/korol/ros2_ws/src/ros_tutorials/turtlesim/src/turtle.cpp:update:260"
"Oh no! I hit the wall! (Clamping from [x=-0.031999, y=5.576658])";"30";"turtlesim1.sim";"1726607036.087066865";"/home/korol/ros2_ws/src/ros_tutorials/turtlesim/src/turtle.cpp:update:260"
"Oh no! I hit the wall! (Clamping from [x=-0.031999, y=5.576300])";"30";"turtlesim3.sim";"1726607036.080672513";"/home/korol/ros2_ws/src/ros_tutorials/turtlesim/src/turtle.cpp:update:260"
"Oh no! I hit the wall! (Clamping from [x=-0.031999, y=5.576479])";"30";"turtlesim2.sim";"1726607036.080418754";"/home/korol/ros2_ws/src/ros_tutorials/turtlesim/src/turtle.cpp:update:260"
"Oh no! I hit the wall! (Clamping from [x=-0.031999, y=5.576479])";"30";"turtlesim1.sim";"1726607036.070910526";"/home/korol/ros2_ws/src/ros_tutorials/turtlesim/src/turtle.cpp:update:260"
"Oh no! I hit the wall! (Clamping from [x=-0.031999, y=5.576121])";"30";"turtlesim3.sim";"1726607036.064842821";"/home/korol/ros2_ws/src/ros_tutorials/turtlesim/src/turtle.cpp:update:260"
"Oh no! I hit the wall! (Clamping from [x=-0.031999, y=5.576300])";"30";"turtlesim2.sim";"1726607036.064358320";"/home/korol/ros2_ws/src/ros_tutorials/turtlesim/src/turtle.cpp:update:260"
"Oh no! I hit the wall! (Clamping from [x=-0.031999, y=5.576300])";"30";"turtlesim1.sim";"1726607036.054749671";"/home/korol/ros2_ws/src/ros_tutorials/turtlesim/src/turtle.cpp:update:260"
"Oh no! I hit the wall! (Clamping from [x=-0.031999, y=5.575942])";"30";"turtlesim3.sim";"1726607036.048900703";"/home/korol/ros2_ws/src/ros_tutorials/turtlesim/src/turtle.cpp:update:260"
"Oh no! I hit the wall! (Clamping from [x=-0.031999, y=5.576121])";"30";"turtlesim2.sim";"1726607036.048054024";"/home/korol/ros2_ws/src/ros_tutorials/turtlesim/src/turtle.cpp:update:260"
"Oh no! I hit the wall! (Clamping from [x=-0.031999, y=5.576121])";"30";"turtlesim1.sim";"1726607036.038894129";"/home/korol/ros2_ws/src/ros_tutorials/turtlesim/src/turtle.cpp:update:260"
"Oh no! I hit the wall! (Clamping from [x=-0.031999, y=5.575763])";"30";"turtlesim3.sim";"1726607036.033218227";"/home/korol/ros2_ws/src/ros_tutorials/turtlesim/src/turtle.cpp:update:260"
"Oh no! I hit the wall! (Clamping from [x=-0.031999, y=5.575942])";"30";"turtlesim2.sim";"1726607036.032129851";"/home/korol/ros2_ws/src/ros_tutorials/turtlesim/src/turtle.cpp:update:260"
"Oh no! I hit the wall! (Clamping from [x=-0.031999, y=5.575942])";"30";"turtlesim1.sim";"1726607036.023224397";"/home/korol/ros2_ws/src/ros_tutorials/turtlesim/src/turtle.cpp:update:260"
"Oh no! I hit the wall! (Clamping from [x=-0.023468, y=5.575584])";"30";"turtlesim3.sim";"1726607036.017321349";"/home/korol/ros2_ws/src/ros_tutorials/turtlesim/src/turtle.cpp:update:260"
"Oh no! I hit the wall! (Clamping from [x=-0.031999, y=5.575763])";"30";"turtlesim2.sim";"1726607036.016100821";"/home/korol/ros2_ws/src/ros_tutorials/turtlesim/src/turtle.cpp:update:260"
"Oh no! I hit the wall! (Clamping from [x=-0.031999, y=5.575763])";"30";"turtlesim1.sim";"1726607036.006884836";"/home/korol/ros2_ws/src/ros_tutorials/turtlesim/src/turtle.cpp:update:260"
"Oh no! I hit the wall! (Clamping from [x=-0.023468, y=5.575584])";"30";"turtlesim2.sim";"1726607036.000026675";"/home/korol/ros2_ws/src/ros_tutorials/turtlesim/src/turtle.cpp:update:260"
"Oh no! I hit the wall! (Clamping from [x=-0.023468, y=5.575584])";"30";"turtlesim1.sim";"1726607035.990934717";"/home/korol/ros2_ws/src/ros_tutorials/turtlesim/src/turtle.cpp:update:260"
"Rotation goal completed successfully";"20";"turtlesim1.sim";"1726607031.271787090";"/home/korol/ros2_ws/src/ros_tutorials/turtlesim/src/turtle.cpp:update:222"
"Spawning turtle [turtle1] at x=[5.544445], y=[5.544445], theta=[0.000000]";"20";"turtlesim1.sim";"1726607017.456583763";"/home/korol/ros2_ws/src/ros_tutorials/turtlesim/src/turtle_frame.cpp:spawnTurtle:209"
"Spawning turtle [turtle1] at x=[5.544445], y=[5.544445], theta=[0.000000]";"20";"turtlesim3.sim";"1726607017.452013760";"/home/korol/ros2_ws/src/ros_tutorials/turtlesim/src/turtle_frame.cpp:spawnTurtle:209"
"Spawning turtle [turtle1] at x=[5.544445], y=[5.544445], theta=[0.000000]";"20";"turtlesim2.sim";"1726607017.451220989";"/home/korol/ros2_ws/src/ros_tutorials/turtlesim/src/turtle_frame.cpp:spawnTurtle:209"
"Starting turtlesim with node name /turtlesim1/sim";"20";"turtlesim1.sim";"1726607017.448521588";"/home/korol/ros2_ws/src/ros_tutorials/turtlesim/src/turtle_frame.cpp:TurtleFrame:112"
"Starting turtlesim with node name /turtlesim3/sim";"20";"turtlesim3.sim";"1726607017.443250619";"/home/korol/ros2_ws/src/ros_tutorials/turtlesim/src/turtle_frame.cpp:TurtleFrame:112"
"Starting turtlesim with node name /turtlesim2/sim";"20";"turtlesim2.sim";"1726607017.441251869";"/home/korol/ros2_ws/src/ros_tutorials/turtlesim/src/turtle_frame.cpp:TurtleFrame:112"
